date,title,contents
2月20,全国首个人工智能创新发展试验区在北京成立,北京国家新一代人工智能创新发展试验区日前正式成立。这是我国首个国家新一代人工智能创新发展试验区。据介绍，北京国家新一代人工智能创新发展试验区将完善和建立有利于人工智能健康发展的政策措施、安全伦理和法律法规，并率先开展先行先试，推动人工智能标准制订等。此外，该试验区还承担着构建政产学研金用一体的协同创新体系、建设人工智能开放创新平台、构建一批人工智能应用场景、开展人工智能应用示范的任务。
2月20,华为云将在新加坡拓展云平台和人工智能能力,华为云将在新加坡拓展云平台和人工智能能力。（彭博）
2月20,卵巢癌预后难判断？AI四倍精准预判仅需四项生理指标,"2 月 20 日消息，帝国理工学院和墨尔本大学的研究人员开发出了一款新的 AI 系统 TEXLab，以期解决卵巢癌预后难以判断的问题。研究和试验相关的论文近日发表在《Nature Communications》上。该 AI 平台检定了四项会影响生存率的生理指标：肿瘤的结构、形状、大小、基因组成。通过这四项指标，TEXLab 可以得出一个非侵入性汇总统计量「影像组学预后向量（Radiomic Prognostic Vector, RPV）」来评估疾病的严重程度和预后情况，分数越高则病情越严重。
"
2月20,优必选参与收购四川九牛足球俱乐部，CEO透露将在国内市场IPO                                          ,2月20日机器之心消息，人工智能与服务机器人企业优必选科技宣布，联合城市足球集团及中国健腾体育产业基金收购四川九牛足球俱乐部。优必选CEO周剑表示将以AI核心技术作为足球发展的新动能，建设一个可持续发展的新足球产业生态圈。此外，周剑还表示新一轮融资估值达到100亿美金，并透露正在推进IPO进程，地点为中国大陆市场。
2月20,百度战略投资蝴蝶互动，布局AI小游戏新赛道,2 月 20 日消息，百度宣布战略投资 H5 和小游戏领军企业蝴蝶互动，双方将在小游戏的研发、运营、发行等领域开展深度合作，并将共同探索 AI 小游戏的新形态。这是百度在「夯实移动基础，决胜 AI 时代」的战略下，继信息流、短视频、小程序之后的又一关键布局。
2月20,一种新颖的重复标准化、对抗性奖励的标题生成,虽然强化学习可以有效地改进语言生成模型，但它常常会产生不连贯和重复的短语。 在论文《A novel repetition normalized adversarial reward for headline generation》中，研究者提出了一种新的重复归一化对抗奖励来缓解这些问题。论文中的重复惩罚奖励可以大大降低重复率，而对抗训练可以减少产生不连贯的短语。研究者使用的模型在ROUGE-1 （+ 3.24），ROUGE-L （+ 2.25）和重复率降低（-4.98 ％）方面明显优于基线模型。
2月20,使用深度变分信息瓶颈方法解释黑盒子,在解释黑箱决策系统时若想简明扼要地提供大量信息，简单和全面是必要的。然而，现有的可解释的机器学习方法不能同时考虑简洁性和全面性，这可能会导致冗余的解释。论文《Explaining a black-box using Deep Variational Information Bottleneck Approach》提出了一种系统无关的可解释方法，通过采用信息论原则——信息瓶颈原理——提供了一个简洁而全面的解释。使用信息论对象，变分信息瓶颈方法（VIBI）选择关于输入（简要性）最大压缩的实例方面的关键特征，并提供关于由该输入（综合）的黑盒决策的信息。选定的关键特征充当一个信息瓶颈，作为每个黑盒决策的简明解释。研究表明，VIBI在人类和数量指标评估的可解释性和保真度方面优于其他可解释的机器学习方法。
2月20,新松机器人无锡智能装备项目签约落户锡山区,近日，新松机器人无锡智能装备项目签约落户锡山区。据悉，该项目由新松集团智能装备事业部投资设立，注册资本1亿元，生产新型工业机器人及各类智能装备，预计产后年销售为4亿-5亿元，将对锡山发展智能制造、加快产业转型起到重要的推动作用。（无锡政府网）
2月20,苹果正在重组领导层，调整人工智能等部门的优先顺序,2 月 20 日消息 ，苹果公司正在重组领导层，调整其服务、人工智能、硬件和零售部门的优先顺序，以减少对 iPhone 业务的依赖。知情人士称，这一系列变化始于 2018 年，包括高调的招聘、令人关注的高管离职、重要的晋升和相应的重组。有分析师指出，这种转变意味着苹果正努力从一家由 iPhone 驱动的公司，转变为一家服务公司。（中国证券报）
2月20,Strategy Analytics：2018年Q4全球智能音箱出货量创纪录 ，超2017年总和,Strategy Analytics最新发布的研究报告指出，2018年Q4，全球智能音箱出货量增长了95％，达到3850万台。这超过了2017年的总出货量，并使2018年的总出货量达到8620万台。市场份额方面，亚马逊、谷歌、阿里巴巴、百度、小米、苹果排名2018年Q4全球智能音箱市场份额前六。
2月20,工信部 : 适时发布5G系统部分毫米波频段频率使用规划,工信部无线电管理局近日发布2019年工作要点，共包括九大方面。其中提出，为加快5G商用步伐做好频谱资源使用保障。发布5G中低频段基站与卫星地球站等台站干扰协调指南、5G中低频段基站设备射频技术要求，做好5G基站协调、许可工作，服务加快5G商用步伐大局。适时发布5G系统部分毫米波频段频率使用规划，引导5G系统毫米波产业发展。（证券时报）
2月20,英国下令禁止无人机进入机场五公里范围内,据新加坡《联合早报》报道，英国政府 2 月 20 日宣布，从 3 月起，距离英国所有机场五公里范围内将禁止操作无人机。英国交通部发出通告称：「扩大禁飞范围将能更好地保护机场免受滥用无人机行为的干扰，新规定将在 3 月 13 日生效。」目前的禁飞范围只有一公里。此外，英国政府将拟定法律给予当地警方更多权力截查被怀疑有恶意的无人机使用者，还可以查阅无人机内部的电子资料。（中国新闻网）
2月20,摩根士丹利聘请「会话AI」专家Georg Huettenegge，领导其在纽约的聊天机器人团队,2 月 20 日消息，摩根士丹利聘请了一名「会话AI」专家 Georg Huettenegger 。据悉，Georg Huettenegger 于本月初加入该银行纽约办事处担任执行董事，此后将领导其在纽约市的聊天机器人团队。在加入摩根士丹利之前，Huettenegger 曾在 AI 系统提供商 IPsoft 工作，该公司位于纽约，以其人性化的 AI 平台 Amelia 而闻名。Huettenegger 领导 IPsoft 公司的全球认知架构和语音团队已有三年。
2月20,宝洁公司与Aether签署3D打印、人工智能联合开发协议,2 月 20 日消息，宝洁公司与旧金山的生物 3D 打印创业公司 Aether 已签署一项联合开发协议，专注于和产品研究相关的 3D 打印和人工智能。Aether 表示，该开发将包括创建一个互连的计算机视觉和 AI 算法网络，以显着增加多工具和多材料 3D 打印自动化，并构建一系列扩展功能。宝洁公司高度重视研究和产品开发，该公司认为这对实现持续的有机增长至关重要。宝洁每年在研发方面投入约 20 亿美元，使公司能够开发技术并获得专利。
2月20,重庆今年将推进5G试点应用,2月19日，重庆市举行信息通信业发展与技术创新座谈会。会上透露，今年全市将大力推进5G试点应用和产业发展，在交通、制造和旅游等多个领域开展高速网络接入、高清视频监控、AR/VR和边缘计算等5G应用。将着力发展5G核心器件制造产业、5G天馈线相关产业、5G相关滤波器、微声器件、光电器件产业及5G新型智能终端产业和物联网中高端产业。（重庆日报）
2月20,加拿大政府投资4千万美元，支持黑莓公司自动驾驶汽车开发,近日，加拿大政府向黑莓公司投资了4千万美元，以支持该公司的自动驾驶汽车开发。据悉，这是战略创新基金的一部分，旨在帮助鼓励国内企业的研发。加拿大总理贾斯汀·特鲁多 (Justin Trudeau) 表示，「在新经济中争夺第一的竞争已经开始，如果我们想看到加拿大人领先，我们需要他们的支持。」这项投资将为加拿大人创造 800 个良好的就业机会，使我们的汽车更安全，并进一步将加拿大定位为全球创新中心。
2月20,沈阳启动东北首个5G网络「智慧机场」,沈阳「智慧机场」5G 网络应用于 2 月 19 日正式启动。作为东北地区首个实现 5G 网络信号覆盖的通航基地，沈阳通用航空产业基地的现代化服务水平因此进一步提升，并将作为航空试验场，为一体化空中交管系统提供技术支撑。（辽宁日报）
2月20,法国半导体创企GreenWaves Technologies完成700万欧元A轮融资，华米科技领投,2月20日消息，法国半导体初创公司GreenWaves Technologies完成700万欧元A轮融资，由华米科技领投，天使轮投资方Soitec等机构跟投。本轮融资将主要用于拓展业界首款电池驱动的超低功耗、物联网人工智能处理器 GAP8 的销售渠道，以及下一代产品的研发。GreenWaves Technologies 成立于 2014 年，是一家无晶圆厂半导体初创公司，致力于设计超低功耗的颠覆性嵌入式解决方案，用于传感设备中的图片、声音和振动的 AI 运算，变革智能传感器及 IoT 终端设备市场。华米科技创立于2013年，是一家在智能穿戴技术领域有着丰富生物特征识别经验和运动数据驱动的公司，拥有全球用户海量的生物识别与运动数据库，为用户提供综合评估及分析等服务。
2月20,软银愿景基金因投资商汤等科技公司估值过高，遭关键投资者质疑,2月20日消息，软银愿景基金因投资面部识别公司商汤科技、WeWork等科技公司估值过高，遭到关键投资者的质疑。据了解，软银1000亿美元愿景基金的两个最大的外部投资者正在抱怨基金经理支付给科技公司的价格太高。这两个投资者是沙特阿拉伯的公共投资基金和阿布扎比的穆巴达拉投资公司。二者贡献了愿景基金资金的近三分之二。如果他们对愿景基金感到不满意，孙正义可能很难为愿景基金募集到新资金或者推出一只新基金。
2月20,特斯拉将推出Model 3租赁计划，先在员工内部试行,2月20日消息，特斯拉发给员工的一封电子邮件称，特斯拉正准备推出Model 3租赁服务。这封电子邮件显示，未来两周之内，特斯拉的员工可以租赁Model 3。但该邮件未提及消费者何时可租赁这款轿车。（TechWeb）
2月20,花旗集团CEO : AI将取代该行美国呼叫中心数万个员工,据外媒报道，花旗集团CEO迈克尔·科尔巴特表示，为了削减成本，该银行在美国呼叫中心的数万名工作人员可能被AI取代。花旗在全球拥有20.9万名员工，目前正面临着控制成本的压力。两年前，花旗集团前CEO潘伟迪表示，该行多达1/3的工作岗位将在未来五年内被AI取代。彭博社报道称，潘伟迪的预测与花旗集团自己对未来10年的预测基本一致。（腾讯科技）
2月20,机器人公司Vincross获得1000万美元融资，由联想领投,2 月 20 日消息，机器人创业公司 Vincross 宣布获得 1000 万美元融资，由联想领投，GGV Capital 和 Seek Dource跟投。据悉，Vincross 总部位于北京，迄今已筹集了 1700 万美元。此次融资资金将用于扩展机器人技术的 Vincross 系列。Vincross 的首席运营官 Andy Xu 表示，「我们将在今年晚些时候推出陪伴机器人」。
2月20,Uber与通用Cruise宣布开源自动驾驶可视化系统,2 月 20 日消息，Uber 与通用旗下无人驾驶公司 Cruise 将他们研发的无人驾驶可视化软件开源。这有助于鼓励更多人开发各种应用，最终改变整个行业。
2月20,推动云计算，谷歌购买数据迁移公司Alooma,谷歌周二表示将收购数据迁移公司 Alooma，以追赶更大的云服务竞争对手亚马逊公司和微软公司的扩张进度。据 Canalys 称，谷歌在快速增长的云业务中落后于亚马逊和微软，其中谷歌云在 2018 年底占据全球云市场份额的 8.5％（路透社）
2月20,高通推出支持5G智能手机的第二代Modem芯片,全球最大移动芯片供应商—高通 (Qualcomm) 周二推出将手机与 5G 网络连接的第二代调制解调器 (Modem) 芯片。这将进一步加剧围绕 5G 网络的竞争。可实现更快无线数据连接的 5G 网络料今年稍晚开始推出。高通希望该设备将在今年稍晚及明年推动 5G 手机的普及。小米等手机制造商去年使用高通第一代 Modem 芯片，进行了小批量的 5G 手机生产，而周二宣布的第二代芯片旨在实现 5G 手机的大批量生产。（路透社）
2月20,OpenAI鼓励社会学家与人工智能安全研究有进一步合作,2月20日消息，OpenAI发布新博客，认为长期的人工智能安全研究需要社会科学家参与，并确保人工智能算法在有实际人类参与时与人类价值观保持一致。 正确地将先进的人工智能系统与人类价值观相结合，需要解决与人类理性，情感和偏见心理相关的许多不确定性。 OpenAI 此番研究的目的是激发机器学习和社会科学研究人员之间的进一步合作，并表示计划聘请社会科学家在OpenAI进行全职工作。
2月20,Yann LeCun发推影射OpenAI : 人人都能写假新闻，难道就不生孩子了吗？,近日，由于 OpenAI 不公开其大型语言模型 GPT-2 的代码和数据集，围绕 AI 开源性还是道德规则的争论在社交媒体上继续升温。今天，Facebook 首席 AI 科学家 Yann LeCun 发推，疑似影射 OpenAI，推文如下：每个人都可能被用来制作假新闻，传播阴谋理论，并影响人们。那我们应该停止生小孩吗？
2月20,Facebook & 纽约大学发布自然语言推理数据Dialogue NLI,近日，Facebook 和纽约大学研究员发表了一篇研究，他们创建了一个自然语言推理（NLI）数据集。数据集 Dialogue NLI 包含用于训练自然语言推理模型的标记句子对，然后可用于改进对话模型。研究人员指出，「对话生成可以被定义为下一个话语预测。」该模型以形式（前提;假设）以及通过人类智能生成的相关标签接收输入。每一对都根据这些规则进行标记：前提包含假设，前提对于假设是中性的，或前提与假设相矛盾。因此，这些对被标记为「矛盾」、「中立」或「需要」。
2月20,这个Airbnb不存在？！,前几日，一个名为「此人不存在」的网站悄然上线，其中逼真的人像都是由人工智能制造。最近，一个工程师受此启发，开发了一个「这个 Airbnb 不存在」的网站，上面罗列了用人工智能制造的虚假的 Airbnb 房屋图片和信息。此网站在 Reddit 上引起热议。
2月20,麦肯锡重磅报告：5G发展没有想象中的那么快,顶尖咨询公司麦肯锡日前发布了一份针对全球主要电信运营商的调查。麦肯锡对46位来自全球的大型电信运营商首席技术官进行了调查，调查方式采用电话、在线调查以及访谈相结合的方式。目前，市场对5G前景的看法分为截然不同的两派。乐观派认为，5G技术带来的低延时、高荷载量将有助于提高电信效率，但是悲观派则认为到现在为止尚未有5G真正落地，他们主要担忧考虑到未来商业化过程中巨大的投资，未来5G商业化带来的利益可能会受限。
2月20,Yan LeCun投资算法音乐创业公司,总部位于巴黎的 AI  音乐创业公司 Antescofo 宣布已筹集了450万美元的风险投资，资金来自 Facebook 首席人工智能科学家Yann Le Cun的支持。其他投资者包括风险投资公司Daphni和OneRagTime，前索尼公司首席执行官兼董事长Nobuyuki Idei，以及L'Oréal的高级主管Sophie Gasperment。“新基金将使我们能够巩固我们作为音乐行业创新角色的地位，在国际上发展，特别是在中国，并将使Antescofo能够建立Metronaut的伴奏目录，因此我们可以满足用户的需求。”Antescofo首席执行官 Laurent Tran Van Lieu 在一份声明表示。
2月20,NarrativeDx获300万美元融资，利用AI平台搭建患者意见反馈桥梁,2月20日，总部位于德克萨斯州奥斯汀的Narrative公司获得300万美元战略投资。本轮融资由Christiana Care Health System，Summation Health Ventures和德克萨斯医疗中心联合领投。NarrativeDx由Kyle Robertson和Senem Guney于2014年共同创立，是一家帮助医院分析患者意见的创业公司，总部设在美国德克萨斯州。NarrativeDx基于符合HIPAA标准的医疗保健专用人工智能平台，使用自然语言处理和机器学习来收集、分析和可视化来自内部和外部来源的非结构化患者反馈（CAHPS调查、申诉信、社会评论网站等），自动突出显示需要改进的关键区域（员工、医生、单位设施等），随后以图表和图形的形式形成反馈数据发送回医院，帮助医院及护理人员更容易地理解信息并提供适宜服务，以此改善患者就医体验，推动患者来院就诊，达到提高患者就医满意度和医院声誉的目的。
2月20,2019年需要关注的17场人工智能药物发现相关会议指南,2019年开工伊始，动脉新医药整理了2019年正式公布的17场全球药物发现领域人工智能会议参会指南。整理编译参会指南的目的是，让药企、投资者、科学家及感兴趣的社会公众能够更简便地了解人工智能在药物发现这一新兴领域的应用，可以选择就近参加感兴趣的活动。
2月20,开出10万介绍费 金融AI技术人才走俏,随着近两年金融科技底层技术人工智能、大数据的迅猛发展，相关技术人才也逐渐走俏市场。一位金融科技公司相关人士向北京商报记者透露，他们公司AI技术工程师十分稀缺，如果介绍成功，可以获得10万元的介绍费。此外，在AI工程师大火的同时，相关产业链开始火爆，顺势推出了金融科技AI培训班课程。在业内人士看来，一名合格的金融科技AI工程师取决于在学校中的系统算法研究训练，AI工作实践实习经历，在AI某一细分领域的专研程度，如自然语言处理、知识图谱、图像识别、语音识别等领域，速成是成为不了AI专家的。
2月20,新松机器人无锡智能装备项目签约落户锡山区    ,近日，新松机器人无锡智能装备项目签约落户锡山区。据悉，该项目由新松集团智能装备事业部投资设立，注册资本1亿元，生产新型工业机器人及各类智能装备，预计产后年销售为4亿-5亿元，将对锡山发展智能制造、加快产业转型起到重要的推动作用。
2月20,Intuitive Surgical机器人辅助系统获FDA许可,2月20日，美国机器人辅助微创手术公司Intuitive Surgical的Ion ™腔内系统获得FDA许可。该产品可实现肺部深处微创活检，预计2019年第二季度在美国上市销售。Intuitive在机器人辅助外科手术及产品研发方面拥有二十多年的经验，旗舰产品有达芬奇®手术系统和Ion ™腔内系统。达芬奇® 手术系统是最先被FDA批准用于一般腹腔镜手术的机器人辅助系统之一，由外科医生控制台、床旁机械臂系统、成像系统三部分组成。Ion ™腔内系统是Intuitive公司的新型机器人平台，用以肺部周围的微创活检。该系统采用超薄铰接式机器人导管，可以在各个方向移动180度，导管的外径为3.5毫米，医生可以使用该导管通过小而弯曲的气道，到达肺内任何气道段的结节。Ion ™腔内系统的活检针（Flexision Biopsy Needle）也可利用Ion导管穿过小而弯曲的气道，收集周围肺组织。导管的2mm工作通道还可以容纳其他活组织检查工具，例如活检钳或细胞学刷。
2月20,法国半导体创企GreenWaves Technologies完成700万欧元A轮融资，华米科技领投    ,2月20日消息，法国半导体初创公司GreenWaves Technologies完成700万欧元A轮融资，由华米科技领投，天使轮投资方Soitec等机构跟投。本轮融资将主要用于拓展业界首款电池驱动的超低功耗、物联网人工智能处理器 GAP8 的销售渠道，以及下一代产品的研发。GreenWaves Technologies 成立于 2014 年，是一家无晶圆厂半导体初创公司，致力于设计超低功耗的颠覆性嵌入式解决方案，用于传感设备中的图片、声音和振动的 AI 运算，变革智能传感器及 IoT 终端设备市场。华米科技创立于2013年，是一家在智能穿戴技术领域有着丰富生物特征识别经验和运动数据驱动的公司，拥有全球用户海量的生物识别与运动数据库，为用户提供综合评估及分析等服务。
2月20,英国正式宣布华为5G设备不存在安全风险    ,2 月 20 日，英国国家网络安全中心（NCSC）负责人 Ciaran Martin 在布鲁塞尔举办的 CSBXL19 会议上正式表示，华为不存在间谍活动，相关问题只是部分网络安全标准方面的问题，英国政府认为风险可控，华为也已表示将在一年时间内解决相关问题，因此不会将华为排斥在英国市场之外。
2月20,欧莱雅推出基于皮肤老化科学研究的 AI 皮肤诊断   ,近日，知名化妆品公司欧莱雅收购增强现实和人工智能公司 ModiFace 和研发中心，并宣布推出基于 15 年的欧莱雅和 Ievaluation 团队对皮肤老化的科学研究为消费者提供数字皮肤诊断。这项新技术基于由 ModiFace 开发的人工智能驱动算法，并由 L'Oréal 的皮肤老化专业知识和照片数据库提供参考。利用深度学习，该算法已经接受了来自欧莱雅 R＆I 评估的 6000 个临床图像以及使用皮肤老化图册 1 进行的知识研究的训练，然后针对 3 组女性（亚裔，高加索人和非裔）创建了超过 4500 个智能手机自拍的新模型。结果由皮肤科医生开发，实现了高水平的皮肤评估精确度.2。使用与消费者类似的不同面部表情和摄影条件（光线，手机位置）获得了精确的结果。
2月20,阿尔兹海默病的隐藏风险因素有望被人工智能技术检测,近日，来自南加州大学的科学家们利用机器学习的技术鉴别出了指示阿尔兹海默病的潜在血液标志物，其或能帮助研究人员对该病进行早期诊断，并开发出无创手段来追踪患者疾病的进展状况；机器学习是人工智能技术的一个子集，即赋予电脑特殊能力，在不进行确切编程的情况下来进行学习。研究者Paul Thompson说道，这种类型的分析是一种新方法，其能发现特殊的数据模式从而识别出阿尔兹海默病诊断标志物，在一个非常大的健康测量数据库中，该技术能帮助发现阿尔兹海默病的预测性特征；相关研究结果发表于Frontiers in Aging Neuroscience杂志上。
2月20,京东JD+智能奶茶馆停业 刘强东夫妇曾出席开业仪式,"日前，有网友发现，位于北京中关村创业大街的京东JD+智能奶茶馆关门。
从门店外挂出的公告看，JD+智能奶茶馆已经停止营业，至于关门的原因并没有提及，目前也不清楚是只有中关村创业大街的店未来是否还会重启。"
2月20,"研发Apps测试鉴定中风,助可能中风者速求医",近日，新加坡科研人员研发一款手机应用，协助可能中风者更快速地侦测自己是否已中风，让他们能够尽快求助。新加坡科技研究局研究员李炳平博士（33岁）介绍这款名为MyStAT的应用时指出，约80%中风者是缺血性中风（ischemic stroke），而最普遍的治疗是注射药物以消除血管里的血块，但须在中风后的四个半小时内注射，因此当地研究之前发现中风者平均在病发16小时后才送院，是令人担忧的情况。李炳平与临床伙伴研发应用，通过三项测试鉴定用户是否可能已中风而应立即求医。用户在身体无恙时得进行这三项测试，让应用记录用户的基准，之后应每天进行测试。第一项测试是自拍微笑照；中风者可能半边脸会歪斜，无法正常微笑。第二项测试是把手臂抬到与肩膀同个高度，并维持10秒；中风者的手臂可能无法维持平举状态。第三项测试是阅读一段文字；中风者可能说话时会有异常或口齿不清。
2月20,欧莱雅推出基于皮肤老化科学研究的 AI 皮肤诊断   ,近日，知名化妆品公司欧莱雅收购增强现实和人工智能公司 ModiFace 和研发中心，并宣布推出基于 15 年的欧莱雅和 Ievaluation 团队对皮肤老化的科学研究为消费者提供数字皮肤诊断。这项新技术基于由 ModiFace 开发的人工智能驱动算法，并由 L'Oréal 的皮肤老化专业知识和照片数据库提供参考。利用深度学习，该算法已经接受了来自欧莱雅 R＆I 评估的 6000 个临床图像以及使用皮肤老化图册 1 进行的知识研究的训练，然后针对 3 组女性（亚裔，高加索人和非裔）创建了超过 4500 个智能手机自拍的新模型。结果由皮肤科医生开发，实现了高水平的皮肤评估精确度.2。使用与消费者类似的不同面部表情和摄影条件（光线，手机位置）获得了精确的结果。
2月20,2018年安徽省生产工业机器人1.1万台 增长37.5%,来自安徽省经信厅的数据显示，2018年，安徽省生产工业机器人1.1万台，增长37.5%；推广应用工业机器人4400台，增长33.3%。安徽省经信厅提出，今年将落实机器人产业发展规划及政策，加快机器人等智能装备发展。实施机器换人「十百千」工程，持续推进工业机器人在工业各领域的推广应用。继续举办安徽省工业机器人技能大赛。
2月20,英国正式宣布华为5G设备不存在安全风险    ,2 月 20 日，英国国家网络安全中心（NCSC）负责人 Ciaran Martin 在布鲁塞尔举办的 CSBXL19 会议上正式表示，华为不存在间谍活动，相关问题只是部分网络安全标准方面的问题，英国政府认为风险可控，华为也已表示将在一年时间内解决相关问题，因此不会将华为排斥在英国市场之外。
2月20,高大智慧机器手臂也会选土豆,国立高雄大学电机工程学系教授吴志宏以「深度学习（Deep Learning）」技术架构，开发具智慧影像辨识功能的机器手臂，能聪明分辨不同物体，并自动夹取分类，目前已能辨识夹取蔬果作物、螺丝扣件、生产仿生胶带等，体现多方应用价值。吴志宏说，机器手臂聪明灵活的关键是搭载高解析度摄影镜头，并透过Deep Learning技术架构自主开发专属影像辨识技术，包括建立物体「标准影像资料库」与「通用计算模型」，教导手臂认识及夹取物体。此外，现在更导入声控功能，能使机器手臂更聪明、更人性化。
2月20,艾兰得携手西门子打造智能转型行业先锋,2月20日，营养健康解决方案服务商艾兰得集团与西门子（中国）正式签署战略合作伙伴协议，双方将携手打造营养健康智能示范企业。双方代表共同表示，将把艾兰得泰州营养品制造工厂作为战略合作的开端，以智能化引领企业生产模式升级。今后，艾兰得与西门子将持续开展深入合作，在艾兰得全球工厂实施智能化改造与智能化管理，全面提升企业竞争实力，为全球客户和消费者提供更加高效的定制化服务以及优质的营养健康产品。
2月20,阿尔兹海默病的隐藏风险因素有望被人工智能技术检测,近日，来自南加州大学的科学家们利用机器学习的技术鉴别出了指示阿尔兹海默病的潜在血液标志物，其或能帮助研究人员对该病进行早期诊断，并开发出无创手段来追踪患者疾病的进展状况；机器学习是人工智能技术的一个子集，即赋予电脑特殊能力，在不进行确切编程的情况下来进行学习。研究者Paul Thompson说道，这种类型的分析是一种新方法，其能发现特殊的数据模式从而识别出阿尔兹海默病诊断标志物，在一个非常大的健康测量数据库中，该技术能帮助发现阿尔兹海默病的预测性特征；相关研究结果发表于Frontiers in Aging Neuroscience杂志上。
2月20,发力视觉智能，赤子城SoloEye加速落地农业、安防、商业三大智慧场景,在SoloAware人工智能引擎的驱动下，赤子城旗下视觉感知平台SoloEye不断丰富应用场景，布局智慧农业、智能安防、智慧商业三大场景。在智慧农业方面，SoloEye利用设置在田地里的摄像头、传感器以及收集到的微气象数据，对农作物进行监控并且发布农作物的实时分析，进而了解并报告农作物的生长情况。提升了农业生产技术装备水平与劳动生产率。此外，SoloEye还可以收集动物的面部数据，利用「迁移识别」等相关技术实现动物识别，为宠物、牲畜制作「身份证」。不仅如此，SoloEye还可以应用在寻找走失宠物、智能管理农场等许多场景，有效提升工作效率。
2月20,中央一号文件聚焦智慧农业 2020年我国智慧农业市场规模将突破250亿美元,中共中央、国务院发布2019年指导「三农工作」的中央一号文件，《中共中央、国务院关于坚持农业农村优先发展做好「三农」工作的若干意见》(以下简称「文件」)。这是连续第16年，中央一号文件聚焦「三农」。文件强调，加快突破农业关键核心技术。培育一批农业战略科技创新力量，推动生物种业、重型农机、智慧农业、绿色投入品等领域自主创新。支持薄弱环节适用农机研发，促进农机装备产业转型升级，加快推进农业机械化。
2月20,机器人公司Vincross获得1000万美元融资，由联想领投    ,2 月 20 日消息，机器人创业公司 Vincross 宣布获得 1000 万美元融资，由联想领投，GGV Capital 和 Seek Dource跟投。据悉，Vincross 总部位于北京，迄今已筹集了 1700 万美元。此次融资资金将用于扩展机器人技术的 Vincross 系列。Vincross 的首席运营官 Andy Xu 表示，「我们将在今年晚些时候推出陪伴机器人」。
2月20,NarrativeDx获300万美元融资，利用AI平台搭建患者意见反馈桥梁,2月20日，总部位于德克萨斯州奥斯汀的Narrative公司获得300万美元战略投资。本轮融资由Christiana Care Health System，Summation Health Ventures和德克萨斯医疗中心联合领投。NarrativeDx由Kyle Robertson和Senem Guney于2014年共同创立，是一家帮助医院分析患者意见的创业公司，总部设在美国德克萨斯州。NarrativeDx基于符合HIPAA标准的医疗保健专用人工智能平台，使用自然语言处理和机器学习来收集、分析和可视化来自内部和外部来源的非结构化患者反馈（CAHPS调查、申诉信、社会评论网站等），自动突出显示需要改进的关键区域（员工、医生、单位设施等），随后以图表和图形的形式形成反馈数据发送回医院，帮助医院及护理人员更容易地理解信息并提供适宜服务，以此改善患者就医体验，推动患者来院就诊，达到提高患者就医满意度和医院声誉的目的。
2月20,中央一号文件聚焦智慧农业 2020年我国智慧农业市场规模将突破250亿美元,中共中央、国务院发布2019年指导「三农工作」的中央一号文件，《中共中央、国务院关于坚持农业农村优先发展做好「三农」工作的若干意见》(以下简称「文件」)。这是连续第16年，中央一号文件聚焦「三农」。文件强调，加快突破农业关键核心技术。培育一批农业战略科技创新力量，推动生物种业、重型农机、智慧农业、绿色投入品等领域自主创新。支持薄弱环节适用农机研发，促进农机装备产业转型升级，加快推进农业机械化。
2月20,欧莱雅推出基于皮肤老化科学研究的 AI 皮肤诊断   ,近日，知名化妆品公司欧莱雅收购增强现实和人工智能公司 ModiFace 和研发中心，并宣布推出基于 15 年的欧莱雅和 Ievaluation 团队对皮肤老化的科学研究为消费者提供数字皮肤诊断。这项新技术基于由 ModiFace 开发的人工智能驱动算法，并由 L'Oréal 的皮肤老化专业知识和照片数据库提供参考。利用深度学习，该算法已经接受了来自欧莱雅 R＆I 评估的 6000 个临床图像以及使用皮肤老化图册 1 进行的知识研究的训练，然后针对 3 组女性（亚裔，高加索人和非裔）创建了超过 4500 个智能手机自拍的新模型。结果由皮肤科医生开发，实现了高水平的皮肤评估精确度.2。使用与消费者类似的不同面部表情和摄影条件（光线，手机位置）获得了精确的结果。
2月20,2019年需要关注的17场人工智能药物发现相关会议指南,2019年开工伊始，动脉新医药整理了2019年正式公布的17场全球药物发现领域人工智能会议参会指南。整理编译参会指南的目的是，让药企、投资者、科学家及感兴趣的社会公众能够更简便地了解人工智能在药物发现这一新兴领域的应用，可以选择就近参加感兴趣的活动。
2月20,2019智能医疗高峰论坛举办,2月20日，由中华国际医学交流基金会与西门子医疗联合举办的2019智能医疗高峰论坛在京举办，超过150位来自政府、行业协会、医疗机构的领导和专家们，以及来自阿里健康、平安好医、腾讯医疗、深睿、依图、推想、科大讯飞、柏视医疗、数坤、图码深维、雅森、筑医台、安德医智、希氏异构等医疗人工智能公司的负责人齐聚一堂，共同探讨医疗数字化在全球以及中国的发展现状与趋势，以及医疗行业在人工智能及数字化应用上的尝试与心得。西门子医疗旨在持续提供创新的数字化医疗解决方案，着力打造数字化医疗生态圈，践行数字化医疗的企业价值承诺，并和腾讯医疗、深睿、雅森、筑医台签署了合作备忘录，携手推动中国数字化医疗生态圈建设。
2月20,开出10万介绍费 金融AI技术人才走俏,随着近两年金融科技底层技术人工智能、大数据的迅猛发展，相关技术人才也逐渐走俏市场。一位金融科技公司相关人士向北京商报记者透露，他们公司AI技术工程师十分稀缺，如果介绍成功，可以获得10万元的介绍费。此外，在AI工程师大火的同时，相关产业链开始火爆，顺势推出了金融科技AI培训班课程。在业内人士看来，一名合格的金融科技AI工程师取决于在学校中的系统算法研究训练，AI工作实践实习经历，在AI某一细分领域的专研程度，如自然语言处理、知识图谱、图像识别、语音识别等领域，速成是成为不了AI专家的。
2月20,2022年亚太地区医疗机器人支出将达70.3亿美元,近日，国际数据公司IDC正式对外发布《医疗保健机器人——福利和机遇报告》，报告指出，2018年亚太地区（不包括日本）的医疗保健提供商在机器人方面的支出达到了37.3亿美元，预计到2022年亚太地区医疗保健机器人支出将达到70.3亿美元。报告认为，随着人工智能在机器人中的广泛应用，人工智能机器人给医疗保健行业带来了三大优势。
2月21,菜鸟发布「智能供应链大脑」，可在手机上完成供应链管理,2 月 21 日消息，菜鸟打造的「智能供应链大脑」正式上线，雀巢将率先使用这项智能系统，届时雀巢销售的全渠道商品状况都可以实时展示，并进行智能算法分析。菜鸟方面称，以后 CEO 们只需要通过一部手机，在吃早餐的间歇就可以完成供应链决策。未来，「菜鸟智能供应链大脑」将向更多商家开放。（全天候科技）
2月21,全国首个5G医疗示范项目在武汉落地,2月21日消息，中国电信武汉分公司与武汉大学中南医院签署5G战略合作框架协议，双方将基于中国电信5G、云和光纤网络的组合优势开展智慧医疗领域的创新应用与深度合作，全力打造全国首个5G云网融合智慧医疗示范项目。根据协议，中国电信武汉分公司与武汉大学中南医院将围绕5G发展目标，提升5G网络覆盖和接入能力，加快区域5G试商用和规模发展。（证券时报）
2月21, 联通携手网宿科技成立合资公司「云际智慧」,2 月 21 日消息，中国联通与网宿科技共同出资成立的云际智慧科技有限公司正式揭牌，并同步发布了三款产品。云际智慧将专注于 CDN、边缘计算等领域的技术创新，为 4K、8K、VR 等超高清视频产业，以及人工智能等领域提供 CDN 以及边缘计算能力。
2月21,90秒训练AlexNet！商汤刷新纪录,2 月 20 日，商汤和新加坡南洋理工大学的研究者发布最新研究《Optimizing Network Performance for Distributed DNN Training on GPU Clusters: ImageNet/AlexNet Training in 1.5 Minutes》，他们在 ImageNet 数据集上使用 512 个 GPU 仅用一分半钟完成了 AlexNet 的训练（此前，腾讯机智团队用了 1024 个 GPU、4 分钟时间）；在 512 个 GPU 上用 7.3 分钟完成了 ResNet-50 的训练。商汤的这项研究表明流行的开源 DNN 系统在以 56 Gbps 网络连接的 64 个 GPU 上仅能实现 2.5 倍的加速比。
2月21,英国正式宣布华为5G设备不存在安全风险,2 月 20 日，英国国家网络安全中心（NCSC）负责人 Ciaran Martin 在布鲁塞尔举办的 CSBXL19 会议上正式表示，华为不存在间谍活动，相关问题只是部分网络安全标准方面的问题，英国政府认为风险可控，华为也已表示将在一年时间内解决相关问题，因此不会将华为排斥在英国市场之外。
2月21,神经架构搜索的随机搜索和再现性,神经架构搜索（NAS）是一个很有前途的研究方向，有可能用自学习的、特定任务的架构取代专家设计的网络。为了帮助奠定该领域的实证结果，在论文《Random Search and Reproducibility for Neural Architecture Search》中，研究者提出了新的NAS基线，构建了以下观察结果：（1）NAS是一个专门的超参数优化问题；（2）随机搜索是超参数优化的竞争基线。利用这些观察结果，研究者在两种标准NAS基准 - PTB和CIFAR-10上评估了带有early-stopping 的随机搜索和带有权重共享算法的随机搜索。
2月21,410倍加速，1.5分钟实现ImageNet训练,扩展深度神经网络（DNN）训练以减少模型训练时间非常重要。高通信开销是跨多个GPU进行分布式DNN培训的主要性能瓶颈之一。论文《Optimizing Network Performance for Distributed DNN Training on GPU Clusters: ImageNet/AlexNet Training in 1.5 Minutes》表明，流行的开源DNN系统只能通过56 Gbps网络连接的64个GPU实现2.5的加速比。为解决此问题，作者提出了一个名为GradientFlow的通信后端，用于分布式DNN培训，并采用一组网络优化技术。首先，作者将基于环的allreduce、混合精度训练和计算/通信重叠集成到GradientFlow中。其次，作者提出延迟allreduce通过将多个通信操作融合到单个通信操作来提高网络吞吐量，并设计粗粒度稀疏通信以通过仅传输重要的梯度块来减少网络流量。在512 GPU上训练ImageNet / AlexNet时，该方法可实现410.2倍加速比，并在1.5分钟内完成95次训练周期，优于现有方法。
2月21,使用用户的草图和颜色进行面部编辑生成对抗网络,论文《SC-FEGAN: Face Editing Generative Adversarial Network with User's Sketch and Color》提出了一种新颖的图像编辑系统，可以在用户提供自由形式的mask、草图和颜色作为输入时生成图像。该系统是一个端到端可训练的卷积网络。与现有其他方法相反，这个系统完全利用具有颜色和形状的自由形式用户输入。这允许系统响应用户的草图和颜色输入，使用它作为生成图像的指南。在特定工作中，训练网络具有额外的风格损失，这使得尽管图像的大部分被移除，但仍可以生成逼真的结果。论文中提出的网络架构SC-FEGAN非常适合使用直观的用户输入生成高质量的合成图像。
2月21,「汇众医疗」完成数千万元Pre-A 轮融资，汇信资本领投,2 月 21 日消息，基于 AI 的医疗产业投资平台「汇众医疗」已完成数千万元 Pre-A 轮融资，由汇信资本领投，商鹊网（多语言智能技术的平台）跟投，本轮融资将主要用于加速团队建设、产品研发以及市场推广。据悉，汇众医疗于 2018 年 4 月成立，并于 5 月完成 500 万元的天使轮融资，主要依托于自然语言处理算法、神经网络机器翻译等技术提供7x24小时的新闻情报、结构化的数据库、投资图谱及全标的FA平台，为医疗健康领域的一级市场、二级市场及产业投资者提供不限语种的投资信息和智能化资产管理服务。
2月21,IDC : 2022年中国智慧城市投资将达到2000亿元人民币,"市场调研机构 IDC 最新预测认为，2019 年，智慧城市建设进入「吐故纳新」的阶段，从应用建设为导向转向平台建设为导向、从项目建设为导向转向运营服务为导向、从政府管理和民生服务为导向转向产业促进为导向。城市云中心、城市大数据中心、城市统一运营中心逐步成为建设重点，智慧交通、智慧市政、智慧环保成为创新建设场景。IDC 预测，到 2022 年，中国智慧城市投资将达到 2000 亿元人民币。（界面）
"
2月21,日本乐天与京东在日本合作推出无人快递服务,2月21日消息，日本乐天与京东在日本合作推出无人快递服务。 (彭博)
2月21,中国首批日常运营无人驾驶货运车上线，3个月运送快递超6万件 ,"近日，专注于无人驾驶领域的人工智能企业飞步科技，相继与中国邮政 EMS、德邦快递达成战略合作关系，宣告合作双方共同建立的多条 L4 级别无人驾驶物流线路，在上线 3 个月后，已进入常态化联合运营的新阶段。这也是中国首批进行日常运营的无人驾驶货运车。截至目前，飞步科技已为客户及合作伙伴持续提供 L4 级别下无人驾驶载货运输服务，横跨双 11、双 12、年货节等重要的电商物流高峰阶段，累计里程达 3600 公里，运送快递超 6 万件。


"
2月21,小米小爱触屏音箱在京发布,2月20日，搭载地平线自主研发的增强语音抽取（Enhanced Speech Extraction，ESE）方案的小米小爱触屏音箱在京发布。小米小爱触屏音箱是小米的首款带屏智能音箱，是小米在AIoT领域的枢纽级产品。地平线为该产品提供了完整的设备端语音前端信号处理和唤醒解决方案，让小爱触屏音箱能听见更能听清。据项目负责人介绍，在测试条件下，搭载地平线ESE方案的小爱触屏音箱可实现在48小时连续测试中实现零次误唤醒。
2月21,苹果递交无人驾驶汽车「自愿安全报告」，被指空泛缺乏关键细节,据外媒，苹果公司向美国联邦监管机构递交了「自愿安全报告」。其中，苹果用广义的、拯救世界式的术语描述了它对无人驾驶系统的兴趣，但显然它对围绕该项目的几乎每个关键细节都保持了沉默。
2月21,科技部：支持北京建设国家新一代人工智能创新发展试验区,2月21日消息，科技部发函称，支持北京市建设国家新一代人工智能创新发展试验区。充分发挥北京在人工智能领域国内顶尖研究机构众多、专家团队聚集等优势，加大人工智能研发部署力度，力争在人工智能理论、技术和应用方面取得一批国际领先成果。另外，推动产学研用金深度融合，促进开源开放，构建有利于人工智能原始创新和健康发展的体制。
2月21,日本政府批准无人送货车上路测试,据日经新闻，从2019年财年（今年四月）开始，日本政府将允许无人送货车在公共街道上进行测试。据外媒，日本政府将在3月前编制安全指南，为企业检验最新交通工具铺平道路。最近几个月，日本邮政控股公司的邮件处理部门在福岛县的公共住宅区和驾驶学校等设施中对无人送货车进行了测试。大和控股公司去年开始在东京西南的神奈川县试用无人驾驶汽车。（腾讯科技）
2月21,华为发布「极简5G」建设策略,在伦敦举办的 MWC2019 世界移动大会预沟通会上，华为发布了「极简 5G」建设策略，从网络极简、自动化、商业极简三个方面，建议无线网络未来的发展方向。在「极简 5G」框架内，通过实施网络极简策略，得以助力全球运营商进行 5G 快速部署；通过发布无线网络自动化系列产品解决方案，加速成功打造自动驾驶网络，助力移动网络自动驾驶。（证券时报）
2月21,三星语音助手Bixby增加对英式英语、德语、意大利语和西班牙语的支持,2月21日消息，三星语音助手Bixby现在已支持英式英语、德语、意大利语和西班牙语。此前Bixby只支持三种语言——美式英语、韩语和普通话。三星长期以来一直表示在努力升级Bixby，本周三该公司在Unpacked活动上宣布了这一消息。（The Verge）
2月21,联想第三季度智能设备业务集团收入124.35亿美元，同比增长6%,2月21日消息，联想发布2018/2019财年第三季度财报，含PC业务在内的智能设备业务集团收入达到124.35亿美元，同比增长6%；移动业务营收为16.69亿美元，同比下降19.6%；数据中心业务营收为16亿美元，同比增长31%。区域营收方面，美洲区营收占联想总营收的31%，中国区占比为26%，亚太区占比为18%，欧洲中东非洲区占比为25%。（36氪）
2月21,猎户星空否认将AI语音产品线出售给喜马拉雅,有消息称猎户星空将AI语音产品线出售给喜马拉雅，打造了全新的小雅OS。猎户星空官方证实：此消息不实。猎户星空联合喜马拉雅成立合资公司小雅星空，猎户星空占股35%。小雅星空成立后，猎户星空将以授权的形式，将技术赋能给小雅星空使用，助推喜马拉雅在音频内容分享方面的升级。小雅星空推出了全新的内容型语音OS——小雅OS，此OS也将内置进喜马拉雅小雅音箱中。（36氪）
2月21,《自动驾驶汽车成熟度指数》出炉：25国中国排第20,毕马威会计师事务所（KPMG）作为四大国际会计师事务所之一，是世界上最大的专业服务机构之一，在全球超过 140 个国家或地区设有分支机构。日前它发布了最新《自动驾驶汽车成熟度指数》报告，根据自动驾驶汽车所涉及的政策和立法、技术和创新、基础设施，以及消费者接受程度 4 个方面对全球 25 个国家进行了排名，借此评估各个国家对自动驾驶汽车部署的准备情况。(cnbeta)
2月21,投资专家：特斯拉可能被苹果等科技公司收购,投资管理公司 Latitude Investment Management 首席投资官弗莱迪·莱特 (Freddie Lait) 今日表示，基于当前估值，特斯拉很可能被一家科技公司收购。莱特称，特斯拉当前市值约为 525 亿美元，值得像苹果这样的科技公司去收购。莱特在接受 CNBC 采访时称：「基于这样的估值，特斯拉很可能被收购。」（cnbeta）
2月21,Orange 和 NTT 达成研发合作伙伴关系 加速 5G、AI 和物联网的推出,Orange 已经与日本电信和技术巨头 NTT 合作，开展了一项新的研发框架协议，该协议将在 2022 年之前与 5G，AI 和物联网计划展开合作。框架协议的完整范围包括 5G，人工智能（AI），物联网（IoT），网络安全，云服务，智能城市，体育，旅游和文化。此次合作将产生一系列创新服务和解决方案，可以部署在非洲和欧洲的 Orange 市场以及 NTT 覆盖的亚太地区。（totaltele）
2月21,IBM Watson Health 与医院合作进行人工智能和 EHR 研究,IBM Watson Health 宣布与 Brigham and Women's Hospital（BWH）和范德比尔特大学医学中心（VUMC）进行为期 10 年，耗资 5000 万美元的人工智能研究合作。这两项合作将探讨如何使用人工智能来提高 EHR 的可用性，支持精准医学，加强患者安全，并促进社区的健康公平。「基于去年宣布的麻省理工学院 - IBM 沃森实验室，此次合作将包括 IBM Watson Health 长期致力于科学研究的贡献，以及我们相信与世界领先机构合作是开发，推进和理解实践的最快途径解决一些世界上最大的健康问题的解决方案，「IBM Watson Health 副总裁兼首席健康官，医学博士，MPP 医学家 Kyu Rhee 介绍称。（healthitanalytics）
2月21,英伟达 2019GTC 技术大会前瞻,英伟达今日在博客中介绍道，人工智能将在其第 10 届年度 GPU 技术大会上占据中心位置，这是为期数日深入探讨人工智能、自动化机器的现在和未来。GTC 大会是了解机器人如何实现行业转变绝佳场所，涉及话题包括智能农业、DNA 测序等。GTC 技术大会将在 3 月 17 日至 21 日，于美国圣何塞会议中心举行。
2月21,欧莱雅推出基于皮肤老化科学研究的 AI 皮肤诊断,知名化妆品公司欧莱雅近日收购增强现实和人工智能公司 ModiFace 和研发中心，并宣布推出基于 15 年的欧莱雅和 Ievaluation 团队对皮肤老化的科学研究为消费者提供数字皮肤诊断。这项新技术基于由 ModiFace 开发的人工智能驱动算法，并由 L'Oréal 的皮肤老化专业知识和照片数据库提供参考。利用深度学习，该算法已经接受了来自欧莱雅 R＆I 评估的 6000 个临床图像以及使用皮肤老化图册 1 进行的知识研究的训练，然后针对 3 组女性（亚裔，高加索人和非裔）创建了超过 4500 个智能手机自拍的新模型。结果由皮肤科医生开发，实现了高水平的皮肤评估精确度.2。使用与消费者类似的不同面部表情和摄影条件（光线，手机位置）获得了精确的结果。（mobilemarketer）
2月21,马德里地铁联手埃森哲装置人工智能地下通风系统,据外媒报道，西班牙马德里地铁安置了一种基于人工智能系统的通风系统，以减少地铁废气并改善地下空气质量。该人工智能通风系统是马德里地铁与埃森哲技术专家合作开放并安装的。该系统利用气温，车站结构，列车频率，乘客符合以及电价等多个因素来确定其运行的最佳方式。预计，该系统将帮助减少地铁系统 1800 吨二氧化碳排放量，并有助于将通风的能源成本降低 25%。（Railway Technology）
2月21,AI 公司使用卫星图像来评估飓风、火灾伤害,英伟达今天发表博客，介绍了一家使用人工智能评估灾害损害并加快恢复服务的初创公司 CrowdAI。在去年飓风迈克尔之后，CrowdAI 与电信供应商 WOW 合作，评估佛罗里达州巴拿马城的建筑物损坏情况。分析由 NOAA 提供的城市卫星图像，帮助该提供商将地面操作员部署到受风暴影响最严重的地点，并更快地恢复服务。
2月21, 谷歌大脑论文：任意深度的宽神经网络在梯度下降下演化为线性模型,谷歌大脑近日发表了一篇新论文引起热议：任意深度的宽神经网络在梯度下降下演化为线性模型。以下为论文摘要：深度学习研究的一个长期目标是精确地描述训练和概括。然而，神经网络经常复杂的损失景观使学习动力学理论变得难以捉摸。在这项工作中，我们表明，对于宽神经网络，学习动力学大大简化，并且在无限宽度限制中，它们由从围绕其初始参数的网络的一阶泰勒展开获得的线性模型控制。此外，镜像宽贝叶斯神经网络和高斯过程之间的对应关系，具有平方损失的宽神经网络的基于梯度的训练产生从具有特定组成核的高斯过程得出的测试集预测。虽然这些理论结果仅在无限宽度限制中是精确的，但我们仍然发现原始网络的预测与线性化版本的预测之间存在极好的经验一致性，即使对于有限的实际大小的网络也是如此。该协议适用于不同的体系结构，优化方法和损失函数。
2月21,英国机场无人机「禁飞区」将于下月扩展至 5 公里,外媒消息，英国交通运输部今天表示，机场附近的无人机「禁飞区」将由从前的 1 公里扩展到机场跑道周围 5 公里距离，该政策将于 3 月 13 日生效。任何被捕或被判定再限制区内操作飞行无人机的人都可能面临罚款以及多年监禁。(Techcrunch)
2月21, 图像识别初创公司ViSenzeC轮融得2000万美元,ViSenze 是一家为 Rakuten 和 ASOS 等在线零售商提供视觉搜索工具的初创公司，今天宣布已在 C 轮中融得 2000 万美元。该轮由 Gobi Ventures 和 Sonae IM 共同领导，其他支持者参与其中，包括返回投资者 Rakuten 和 WI Harper。ViSenze 成立于 2012 年，现已筹集了 3450 万美元（其最后一轮是 2016 年 9 月宣布的 B 轮）。这家总部位于新加坡的公司，其客户还包括 Urban Outfitters，Zalora 和优衣库，将其软件组合作为「个人购物礼宾」，允许购物者根据视觉搜索，自动照片标记和基于他们的推荐来发现或发现新产品。浏览记录。ViSenze 的垂直行业包括时装，珠宝，家具和知识产权。(TechCrunch)
2月21,HLT联手PPD打造AI临床解决方案，致力提升全球医药研发力,"Pharmaceutical Product Development, LLC（PPD）和开心生活科技控股集团（HLT）今日宣布达成独家合作协议，将在中国药物研发市场展开深度合作，目标是打造新一代的、真实世界可监管级数据技术和人工智能技术驱动的临床实验，以及基于真实世界证据的药品有效性、安全性和价值开发。
此次战略性合作结合了HLT的人工智能（AI）和大数据技术以及PPD在临床试验管理和真实世界研究在全球的领先能力，致力于提升中国创新医药产业的研发力。合作主要体现在助力中国创新药企业面向全球的研发，帮助更多中国优秀的药企和药物走向世界。另外，帮助国际制药企业进入不断发展的中国药物研发和上市后生态系统，满足中国疾病市场的临床未满足需求，也是这次合作的重要使命。"
2月21,「亲爱的 OpenAI：请开源您的语言模型」The Gradient 博客撰文敦促 OpenAI 开源,针对 OpenAI 近期公布 GPT-2 模型但不开源决定，机器学习社群热议不断，近日 The Gradient 也公开撰文敦促 OpenAI 开源，以保证学术研究进步。
2月21,韩国SK电信将推出量子安全网关，旨在防止自动驾驶汽车被黑客入侵,据外媒报道，韩国SK Telecom将推出其量子安全网关解决方案，旨在防止在世界移动通信大会上对自动驾驶汽车进行的黑客攻击。  该解决方案是一个集成的安全设备，将安装在汽车内部并保护车辆中的各种电子单元和网络。  与韩国控制器制造商GINT共同开发的网关将监控各种设备的车辆V2X，蓝牙，雷达，智能钥匙和驾驶员辅助系统。它会提醒驾驶员和任何连接的黑客监控中心。  SK Telecom表示，网关传输量子随机数发生器和量子密钥会“从根本上防止黑客攻击”。
2月21,小到牛皮癣，大到治癌症，免疫疗法药物研发有机器学习帮忙,近日，美国西北大学（Northwestern University）的一个团队采用机器学期算法，寻找到了更直接的优化球型核酸筛选和合成的方法，在使用免疫疗法治疗癌症、遗传性疾病和神经系统疾病的道路上更进一步。研究论文刊登在本周出版的《Nature Biomedical Engineering》上。新方法将会大大加快球型核酸的合成、测量和分析进度，减少不必要的步骤，助力新药的研发。药物研发者可以根据机器学习对球型核酸结构功能的分析，对不同球型核酸进行排序。基于此，研发者还能建立一套基于效用的球型核酸设计规则，从而加快针对特定疾病的免疫疗法药物研发进程。
2月21,「汇众医疗」获数千万元Pre-A 轮融资，汇信资本领投    ,2 月 21 日消息，基于 AI 的医疗产业投资平台「汇众医疗」已完成数千万元 Pre-A 轮融资，由汇信资本领投，商鹊网（多语言智能技术的平台）跟投，本轮融资将主要用于加速团队建设、产品研发以及市场推广。据悉，汇众医疗于 2018 年 4 月成立，并于 5 月完成 500 万元的天使轮融资，主要依托于自然语言处理算法、神经网络机器翻译等技术提供7x24小时的新闻情报、结构化的数据库、投资图谱及全标的FA平台，为医疗健康领域的一级市场、二级市场及产业投资者提供不限语种的投资信息和智能化资产管理服务。
2月21,全国首个5G医疗示范项目在武汉落地        ,2月21日消息，中国电信武汉分公司与武汉大学中南医院签署5G战略合作框架协议，双方将基于中国电信5G、云和光纤网络的组合优势开展智慧医疗领域的创新应用与深度合作，全力打造全国首个5G云网融合智慧医疗示范项目。根据协议，中国电信武汉分公司与武汉大学中南医院将围绕5G发展目标，提升5G网络覆盖和接入能力，加快区域5G试商用和规模发展。
2月21,重磅发布 | 2019年连锁零售大数据分析BI解决方案,观远数据连锁零售大数据分析BI解决方案，在深刻洞察「人、货、场」的基础上，以AI+BI的服务模式，帮助连锁零售企业构建最强「决策大脑」。量身打造的深入各个应用场景的数据分析指标体系，可打通线上、线下，实现各环节的数据实时同步，并覆盖多维度的营运分析。同时结合先进的AI算法，实现需求预测、智能诊断、智能订货等深度AI应用场景，真正做到数据追人，使效率提升和精准决策更进一步。
2月21,日本政府批准无人送货车上路测试   ,据日经新闻，从2019年财年（今年四月）开始，日本政府将允许无人送货车在公共街道上进行测试。据外媒，日本政府将在3月前编制安全指南，为企业检验最新交通工具铺平道路。最近几个月，日本邮政控股公司的邮件处理部门在福岛县的公共住宅区和驾驶学校等设施中对无人送货车进行了测试。大和控股公司去年开始在东京西南的神奈川县试用无人驾驶汽车。
2月21,爱立信展望蜂窝物联网市场：5年后将有41亿连接,2月21日下午，爱立信东北亚区首席市场官张至伟在发布会上表示，爱立信预测2024年将有41亿蜂窝物联网连接，到2026年，来自产业数字化中5G收入潜能可达6190亿美金。张至伟认为，蜂窝物联网已进入场景细分时代。他提出四个场景，即大规模物联网、宽带物联网、关键性物联网、工业自动化物联网。关键性物联网和工业自动化物联网，仍处在早期商用与标准化中，关键性物联网需要高可靠性、低时延，可支持包括车联网等应用，而工业自动化物联网时代可以看到工厂中协作的超低时延的机器人，「很多现在能够看到的产业会被颠覆，很多新的产业会产生」。
2月21,上海自仪院与苏州安靠签订战略合作协议共同打造智能制造新模式,近日，上海自仪院与苏州安靠举办战略合作签约仪式，未来将共同开展智能制造新模式，打造工业互联网新项目。未来上海自仪院将协助苏州安靠打造智能绿色工厂，为其提供降本、降耗、提质、增效的自动化生产方案，促进动力电池领域的智能制造水平大幅度提升，实现生产效率的提升。
2月21,天猫国际将上线全链路溯源系统,36氪讯，近日，天猫国际进口商品「全链路溯源系统」进入试运行阶段，将为进口商品发放「签证」，借助区块链、动态镭射、动态图像识别等技术，实现商品采购、物流等信息全链路溯源，进一步加强进口商品的正品保障。据天猫国际小二透露，这套溯源系统前期主要针对奢侈品等时尚行业，预计在今年3月底上线，之后将逐步推行到各个进口商品行业。
2月21,德国芯片公司英飞凌，新主席沃尔夫冈·埃德将于八月上任   ,德国芯片制造商英飞凌科技公司计划于 8 月份让即将离任的奥钢联首席执行官沃尔夫冈·埃德（Wolfgang Eder）上任成为董事长，早于预期地顶替目前的 CEO Eckart Suenner。Eder 去年被选入英飞凌监事会，以期在中期担任主席，他将于 7 月辞去 Voestalpine 首席执行官一职。但是，他将留任于奥地利钢铁制造商监事会，并预计将在两年后担任该公司主席。
2月21,痛感食品依赖进口太被动 新加坡欲打造亚洲城市农业技术中心,2月18日当地时间傍晚，新加坡发布2019年年度预算。新加坡财长王瑞杰表示，2019年新加坡将重点关注水产养殖、发展农业创新，努力实现食物的自给自足，减少对进口的依赖。其中淡马锡理工学院将设立水产养殖创新中心，以提高新加坡的粮食供应能力。在强大的研发实力和科技创新能力「加持」下，新加坡致力成为食品和农业技术解决方案模型的试验基地，打造亚洲城市农业技术中心。
2月21,重磅发布 | 2019年连锁零售大数据分析BI解决方案,观远数据连锁零售大数据分析BI解决方案，在深刻洞察「人、货、场」的基础上，以AI+BI的服务模式，帮助连锁零售企业构建最强「决策大脑」。量身打造的深入各个应用场景的数据分析指标体系，可打通线上、线下，实现各环节的数据实时同步，并覆盖多维度的营运分析。同时结合先进的AI算法，实现需求预测、智能诊断、智能订货等深度AI应用场景，真正做到数据追人，使效率提升和精准决策更进一步。
2月21,天猫国际将上线全链路溯源系统,36氪讯，近日，天猫国际进口商品「全链路溯源系统」进入试运行阶段，将为进口商品发放「签证」，借助区块链、动态镭射、动态图像识别等技术，实现商品采购、物流等信息全链路溯源，进一步加强进口商品的正品保障。据天猫国际小二透露，这套溯源系统前期主要针对奢侈品等时尚行业，预计在今年3月底上线，之后将逐步推行到各个进口商品行业。
2月21,京东与日本乐天达成合作，共同开展无人配送服务  ,2月21日，京东集团与日本乐天株式会社战略合作发布会在东京举行，京东与日本乐天就无人配送达成合作协议，将为对方提供末端配送无人机、配送机器人等智能物流设备以及配套解决方案，推动双方深入合作。
2月21,中国首批日常运营无人驾驶货运车上线，3个月运送快递超6万件  ,近日，专注于无人驾驶领域的人工智能企业飞步科技，相继与中国邮政 EMS、德邦快递达成战略合作关系，宣告合作双方共同建立的多条 L4 级别无人驾驶物流线路，在上线 3 个月后，已进入常态化联合运营的新阶段。这也是中国首批进行日常运营的无人驾驶货运车。截至目前，飞步科技已为客户及合作伙伴持续提供 L4 级别下无人驾驶载货运输服务，横跨双 11、双 12、年货节等重要的电商物流高峰阶段，累计里程达 3600 公里，运送快递超 6 万件。
2月21,全国首个5G医疗示范项目在武汉落地        ,2月21日消息，中国电信武汉分公司与武汉大学中南医院签署5G战略合作框架协议，双方将基于中国电信5G、云和光纤网络的组合优势开展智慧医疗领域的创新应用与深度合作，全力打造全国首个5G云网融合智慧医疗示范项目。根据协议，中国电信武汉分公司与武汉大学中南医院将围绕5G发展目标，提升5G网络覆盖和接入能力，加快区域5G试商用和规模发展。
2月21,菜鸟发布「智能供应链大脑」，可在手机上完成供应链管理  ,2 月 21 日消息，菜鸟打造的「智能供应链大脑」正式上线，雀巢将率先使用这项智能系统，届时雀巢销售的全渠道商品状况都可以实时展示，并进行智能算法分析。菜鸟方面称，以后 CEO 们只需要通过一部手机，在吃早餐的间歇就可以完成供应链决策。未来，「菜鸟智能供应链大脑」将向更多商家开放。
2月21,痛感食品依赖进口太被动 新加坡欲打造亚洲城市农业技术中心,2月18日当地时间傍晚，新加坡发布2019年年度预算。新加坡财长王瑞杰表示，2019年新加坡将重点关注水产养殖、发展农业创新，努力实现食物的自给自足，减少对进口的依赖。其中淡马锡理工学院将设立水产养殖创新中心，以提高新加坡的粮食供应能力。在强大的研发实力和科技创新能力「加持」下，新加坡致力成为食品和农业技术解决方案模型的试验基地，打造亚洲城市农业技术中心。
2月21,全球转基因作物种植面积今年料达2亿公顷,全球转基因作物的种植面积到2019年预计达到2亿公顷，在10年里增加了约50%。这相当于日本国土面积的5倍以上，相当于全球耕地面积的约13%。美国、南美、亚洲等的农户认为转基因作物收获率将提高，正在增加种植。此外，「基因编辑」技术也不断发展，种植面积有可能进一步加速扩大。不过在欧洲和日本等国家和地区，对转基因食品安全性的担忧仍根深蒂固。国际农业生物技术应用服务组织（ISAAA）去年的统计数据显示，截至2017年，全球转基因作物种植面积在24个国家达到1.898亿公顷。
2月21,「汇众医疗」获数千万元Pre-A 轮融资，汇信资本领投    ,2 月 21 日消息，基于 AI 的医疗产业投资平台「汇众医疗」已完成数千万元 Pre-A 轮融资，由汇信资本领投，商鹊网（多语言智能技术的平台）跟投，本轮融资将主要用于加速团队建设、产品研发以及市场推广。据悉，汇众医疗于 2018 年 4 月成立，并于 5 月完成 500 万元的天使轮融资，主要依托于自然语言处理算法、神经网络机器翻译等技术提供7x24小时的新闻情报、结构化的数据库、投资图谱及全标的FA平台，为医疗健康领域的一级市场、二级市场及产业投资者提供不限语种的投资信息和智能化资产管理服务。
2月22,人工神经网络学习拓扑学,"了解神经网络如何学习仍然是机器学习研究的核心挑战之一。 从训练开始时的随机性开始，神经网络的权重以能够执行各种任务的方式发展，例如分类图像。在论文《Topology of Learning in Artificial Neural Networks》中，作者通过应用拓扑数据分析方法研究权重结构的出现。 他们在MNIST数据集上训练简单的前馈神经网络并监测权重的演变。当初始化为零时，权重遵循循环分支的轨迹，从而生成描述每层有效容量增长的树。当初始化为微小的随机值时，权重沿着二维表面平滑地演变。实验证明，这些学习表面上的自然坐标对应于重要的变异因素。
"
2月22,李飞飞句子级嵌入模型,"在论文《Audio-Linguistic Embeddings for Spoken Sentences》中，作者提出了语音句子嵌入，它可以捕获声学和语言内容。现有工作大多是在字符、音素或单词级别上运行，本文方法则通过在句子级别建模语音来学习长期依赖性。作为音频语言多任务学习问题，本文的编码器 - 解码器模型同时从音频重建声学和自然语言特征。研究发现，口语句子嵌入在语音识别和情感识别任务上优于音素和词级基线。该论文的嵌入可以更好地模拟高级声学概念，同时保留语言内容。这项工作表明通用、多模态句子嵌入对口语理解的可行性。
"
2月22,谷歌AI将语音识别错误率降低29%,"用于语音识别的基于注意力的序列到序列模型使用单个神经网络联合训练声学模型、语言模型（LM）和对准机制，并且仅需要并行的音频 - 文本对。因此，端到端模型的语言模型组件仅在转录的音频 - 文本对上训练，这导致性能降低，尤其是在罕见的单词上。虽然已经有各种各样的工作考虑将在纯文本数据上训练的外部LM纳入端到端框架，但没有一项考虑到模型所做的特征误差分布。在论文《A spelling correction model for end-to-end speech recognition》中，作者提出了一种利用纯文本数据的新方法，通过训练拼写校正（SC）模型来明确纠正这些错误。在LibriSpeech数据集上的实验证明了当直接校正顶级ASR假设时，所提出的模型导致WER相对于基线模型的相对改善18.6％，并且当使用外部LM进一步重新校正扩展的n-最佳列表时，相对改善29.0％ 。
"
2月22,北京市已将2100多名号贩子信息录入各大医院人脸识别系统,北京市卫健委透露，北京市已将2100多名号贩子信息录入北京各大医院人脸识别系统。北京目前已有30余家医疗机构配备了人脸识别系统，重点医院将共享2017年以来，被公安机关处罚的2100余名号贩子的头像信息、身份证信息等。未来这些人一旦进入医院，系统就能立刻监控到这些号贩子。（北京日报）
2月22,保时捷在车间测试自动驾驶，将于2019年年中完成,据外媒报道，保时捷正在其车间测试自动驾驶，该测试项目是该公司与Startup Autobahn创新平台合作的一部分，计划将于2019年年中完成。（盖世汽车）
2月22,模型多合一:UC伯克利&BAIR等提出一组参数存储多个模型的方法,"在论文《Superposition of many models into one》中，来自UC伯克利和BAIR等机构的研究者提出一种在一组参数中存储多个模型的方法。模型可以重叠共存，也可以单独检索。用神经网络进行的实验表明，大量模型可以有效地存储在单个参数实例中。此外，这些模型中的每一个都可以经历数千个训练步，而不会显著干扰叠加中的其他模型。这种方法可以被视为模型压缩的在线补充
"
2月22,欧洲TR资本数亿元入股影谱科技,2月22日消息，TR Capital Group近日数亿元入股中国人工智能影像生产企业影谱科技。据悉，对影谱科技（Moviebook）的投资是该国际金融机构继IDG国际资本、创新工场、正心谷等母基金投资后，亚太区重要直投项目之一。TR Capital是由全球最大的银行间交易经纪商ICAP PLC旗下Link Asset & Securities和Tikehau联合创立的国际顶尖投资机构，专注投资二级私募股权的基金管理。影谱科技于2018年发布机器自动化生产视频内容引擎MAPE，首创Automatic Generated Content模式，提供继PGC、UGC后由人工智能技术带来的视频生产技术变革。从去年8月，影谱科技先后获得来自商汤、软银、中金、建银等机构的资本入股，资金总规模超过20亿元人民币。
2月22,面部识别创企Kairos获400万美元融资，Melissa Doval担任新CEO,2 月 22 日消息，位于佛罗里达州迈阿密的面部识别初创公司 Kairos 宣布，它已经从个人投资者 E. Jay Saunders 那里获得了 400 万美元，后者是监管技术公司 Domus Semo Sancus 的董事长兼首席执行官。截至目前，该公司已融资 1700 万美元。据介绍，Melissa Doval 将担任 Kairos 新 CEO， Melissa Doval 表示，新资金将用于企业在人脸识别技术前沿的不断创新。Kairos 于 2012 年成立，并推出 API 平台，该平台利用计算机视觉和深度学习来识别视频、照片和现实世界中的人脸。（投中网）
2月22,沃达丰西班牙公司成为全球首个通过5G手机实现5G标准通话运营商,沃达丰西班牙公司于2月20日成功利用即将投入商业运营的3GPP NSA（非独立组网）技术标准，将首批智能手机接入其在巴塞罗那市中心部署的5G网络，从而成为全球首个通过5G手机实现5G标准通话的运营商。2019年，沃达丰将在美国、韩国、日本等地建设5G网络。新一代移动通信技术传输速度达10Gb/秒，是4G网络100倍，命令响应速度控制在1毫秒，能耗减少约90%。（西班牙《国家报》）
2月22,微软宣布在法国成立人工智能全球发展中心,2月22日消息，微软公司宣布，将依托位于巴黎近郊伊西莱穆利诺市的微软工程中心成立一个人工智能全球发展中心，旨在为微软的全球用户与合作伙伴提供人工智能解决方案等。微软公司当天说，这个人工智能全球发展中心已吸引了来自全球各地的100余名工程师。新成立的人工智能全球发展中心的使命是支持微软的用户进行数字化转型，通过人工智能提高效率和生产力。（新华社）
2月22,英国利兹大学招募博士生，用AI改变健康医疗 ,2 月 22 日消息，英国利兹大学将招募博士生，建立一个新的博士培训中心（CDT），重点是癌症的早期发现、诊断、治疗和护理，旨在培养下一代人工智能医疗保健先驱，用AI改变健康医疗 。据介绍，研究人员将与包括利兹教学医院信托基金（LTHT）、英国国民健康服务（NHS）在内的主要国家合作伙伴合作。LTHT是欧洲最大的教学医院之一。它被称为癌症研究的主要中心，拥有世界着名的生物医学研究设施和领先的临床试验研究单位。
2月22,AI采矿公司Goldspot Discoveries上市,2 月 22 日消息，AI 采矿公司 Goldspot Discoveries 宣布在多伦多证券交易所创业板上市，代码为 SPOT。据了解，这家总部位于蒙特利尔的公司仅有三年的历史，但已经获得了一些采矿业巨头的支持，其中包括美国全球投资者 (U.S. Global Investors) 首席执行官 Frank Holmes、矿业金融家 Triple Flag 和 Hochschild，以及 Integra Resources 和 Yamana Gold 作为早期客户。
2月22,首批1600多辆特斯拉Model 3抵达上海外高桥码头,2 月 22 日消息，运载着首批特斯拉 Model 3 的滚装船「晨蝶号（Morning Cindy）」已经抵达上海外高桥码头。从上海海关获悉，该批特斯拉共 1837 台进口特斯拉汽车，其中 1600 多台为首批登陆中国的 model 3 车型。（澎湃）
2月22,LG将在今年积极扩展语音控制的智能家电业务,2月22日消息，LG宣布计划今年积极扩大其声控智能Thinq家电系列。该公司表示，计划在4月前将其家电产品销售地区从目前的6个国家增加到21个国家。此前，LG家电部门在2018年底创下了历史最高的营业利润。LG表示它希望进军这个市场，因为谷歌和亚马逊都在全球范围内扩大了AI扬声器的销售。它相信它的语音控制家电市场需求会同时增加。
2月22,苹果最早明年放弃英特尔处理器，转而用自己的ARM芯片,此前外界普遍预计，苹果最早将在2020年放弃英特尔处理器，转而采用自己的ARM芯片。据Axios报道，一些开发人员和英特尔高管预计最早明年苹果就会采取这一行动。尽管苹果公司尚未公开表态，但开发人员和英特尔高管已私下表示，他们预计苹果公司最早明年就会放弃英特尔处理器，转而采用自己的ARM芯片。
2月22,亚马逊宣布将资助1000多所美国高中的计算机科学课程,尽管亚马逊公司已经放弃了在纽约市建第二总部的计划，但该公司最近对纽约市教育计划的投资仍将继续。2 月 21 日，亚马逊宣布将资助全美 50 个州和哥伦比亚特区的 1000 多所高中的计算机科学课程。这些课程将通过亚马逊的「未来工程师」（Future Engineer）项目资助，覆盖全美数万名学生。
2月22,富国证券表示，未来5年人工智能芯片市场将实现大幅增长,富国证券近日表示，未来5年人工智能芯片市场将实现大幅增长。该公司分析师 Aaron Rakers 引述了知名市场分析公司 Gartner 的预测，后者称全球人工智能芯片的销售额将在 2023 年达到 343 亿美元，而去年这一数字为 42.7 亿美元，年增长率可达 52%。Gartner 相信，物联网、个人设备和数据中心对人工智能芯片的需求会不断增高。Aaron Rakers 表示：「在整体芯片行业中，定制化人工智能芯片具有长期重要性，而我们目前正处于早期阶段。」Aaron Rakers 补充表示，人工智能工作在未来会变得更加专业化，定制芯片市场因此会得到进一步扩大。
2月22,英国创企Senseon完成640万美元种子轮融资，用AI三角测量法解决网络安全威胁,2 月 22 日消息，英国初创公司 Senseon 已经筹集到 640 万美元的种子轮资金，该公司开创了一种名为「AI三角测量」的新方法，同时应用人工智能算法来监督、监控和捍卫组织的网络设备、端点和覆盖多个微服务的「调查机器人」。Senseon表示，本轮资金将用于继续扩大其业务。
2月22,亚马逊高管公开表示，人工智能在医疗领域的应用终于超越了炒作,2 月 22 日消息，亚马逊高管 Kass-Hout公开表示，人工智能在医疗领域的应用终于超越了炒作。人工智能工具不会取代医生，而是帮助他们更好地完成工作。据了解，Taha Kass-Hout是前美国FDA（食品和药物管理局）首席健康信息官，2018年3月份加入亚马逊，来帮助亚马逊发展医疗保健业务。
2月22,美国通信巨头Verizon2019年将在全球30个城市推出5G服务,"2 月 22 日消息，美国通信巨头 Verizon 宣布计划在 2019 年底之前在全球 30 个城市推出 5G 服务。Verizon 公司首席执行官 Hans Vestberg 在与投资者会面时表示，「这将在速度和吞吐量方面完全不同于以往任何时候。」Verizon 的发言人证实，该公司尚未确定该服务将在哪些城市推出。
"
2月22,被软银领投10亿美元后，货运初创公司Flexport估值达32亿美元,"2 月 22 日消息，总部位于旧金山的货运初创公司 Flexport 宣布已筹集到 10 亿美元的新资金，由软银愿景基金领投，Founders Fund、 DST Global、Cherubic Ventures、Susa Ventures 和顺丰速运参投。据称，该公司的估值可达 32 亿美元。
"
2月22,在线智能互动音乐教学平台「AI音乐学院」完成数千万人民币Pre-A轮融资,2 月 22 日消息，在线智能互动音乐教学平台「AI 音乐学院」完成数千万人民币 PreA 轮融资，由基因资本、港粤资本、京北投资和知名企业家联合投资，进化资本担任本轮融资的财务顾问。此次融资将主要用于产品研发，增加更多的乐器品类，打造更好的教学体验。
2月22,戴姆勒与吉利汽车正在商议合作电动智能汽车,戴姆勒与吉利汽车正在商议合作电动智能汽车。（彭博）
2月22,互金岗位人才招聘遭遇挤出效应，AI人才需求持续火热,有业内人士表示，「在互金领域，虽然一些互金企业规模依然在扩充，但整体上对于行业人才的需求有一定的挤出效应，导致整体薪酬可能有所缩水，这也是对前几年行业野蛮扩张的一个修正。」BOSS 直聘研究院数据显示，2019 春节后首周人才需求同比增幅最快的 15 个岗位中，AI 相关岗位占据超过三分之一。（证券日报）
2月22,李彦宏 : 百度AI商业化的探索正在「拨云见日」,2 月 22 日消息，百度公布了2018财年第四季度未经审计的财务报告。百度云业务在 2018 年第 4 季度已实现营收 11 亿人民币，比 2017 年第四季度营收的两倍还多。百度董事长李彦宏发出一封内部邮件，他评价百度 AI 商业化的探索正在「拨云见日」。他表示，2018 年，中国互联网的发展已经从用户红利期逐步进入技术红利期。这意味着技术的价值和意义正被重新认识、重新评估。这对于百度来说，是战略、是优势，更是机遇。「新的一年，我们将继续坚定『夯实移动基础，决胜 AI 时代』的战略，聚焦主航道，打好关键战役。」
2月22,柔宇高清超薄柔性屏「飞上」空客飞机,2 月 21 日，柔宇科技战略合作伙伴——空中客车（中国）创新中心的落成典礼在深圳举行，该中心是空中客车在亚洲设立的首个创新中心。宇科技联手空客展示的全球首创高清、超薄行李架柔性显示屏引人注目。这也是柔宇科技与空中客车签署战略合作备忘录以来，双方在「柔性电子+智能交通」领域的合作研发成果之一。柔宇科技是全球柔性显示、柔性传感、柔性屏手机及相关智能设备的领航者，专注于下一代人机交互及万物互联技术和产品的研究、开发、生产及销售。
2月22,"智能驾驶技术提供商极目智能完成B轮融资,加速L0-L3级智能驾驶商业化落地",近日，智能驾驶技术提供商极目智能完成B轮融资，本轮融资总金额超过一亿元人民币。该融资由Translink Capital领投，跟投方包括韩国现代汽车集团、辰韬资本、兆瑞资本、武汉光电工研院育成基金及光谷人才基金。极目智能成立于2011年，是一家专注于智能驾驶研发和应用的人工智能企业，目前主要提供Level 0-Level 3智能驾驶方案及衍生的数据产品和服务。极目核心团队均来自国内外知名高校或企业，在计算机视觉、深度学习、传感器融合领域有丰富经验。
2月22,谷歌云语音合成新增 31 种 WaveNet 语音、7 种语言和方言,日前，谷歌云语音合成现可以识新增七种语言和方言，并能识别用新的声音说话。其中技术支持包括由 WaveNet（由母公司 Alphabet 的 DeepMind 开发的机器学习网络）合成的 31 种语音。（Venturebeat）
2月22,十亿美元新计算学院 MIT 任命丹•胡滕洛克尔为院长,机器之心今日获悉，MIT 十亿美元新计算机学院 MIT Stephen A. Schwarzman 计算学院现已任命丹•胡滕洛克尔为院长。他自 1988 年以来就任职于康奈尔大学计算机科学系，且于 2012 年创建位于纽约的康奈尔研究生院，在此之前，他还协助创建并领导康奈尔大学计算与信息科学学院。
2月22,德国芯片公司英飞凌，新主席沃尔夫冈·埃德将于八月上任,德国芯片制造商英飞凌科技公司计划于 8 月份让即将离任的奥钢联首席执行官沃尔夫冈·埃德（Wolfgang Eder）上任成为董事长，早于预期地顶替目前的 CEO Eckart Suenner。Eder 去年被选入英飞凌监事会，以期在中期担任主席，他将于 7 月辞去 Voestalpine 首席执行官一职。但是，他将留任于奥地利钢铁制造商监事会，并预计将在两年后担任该公司主席。（路透社）
2月22,艾伦人工智能研究所发布 scispaCy 包含擅长处理生物医学、科学及临床文本的 spaCy 模型,机器之心获悉，艾伦人工智能研究所宣布，包含有擅长处理生物医学、科学及临床文本的 spaCy 模型的 ScispaCyPython 包现已正式公布。
2月22,MIT 机器人以前所未有的精度跟踪移动物体,近日，机器之心获悉，麻省理工学院开发的一种新型机器人系统使用 RFID 标签，能以前所未有的速度和准确度帮助机器人跟踪移动物体。该系统能使从事包装和装配的机器人以及执行搜索和救援任务的大量无人机实现更大的协作和精确度。
2月22,"为培养下一代 AI 专家 英国政府 1.1 亿英镑资助研究机构 200 名硕士和 1,000 名博士",近日，英国政府政府宣布多达 200 个 AI 硕士课程和实习项目，包括 Deepmind 和 BAE Systems 在内的英国科技公司也大力支持该人才培育项目。该方案是英国政府现代工业战略计划的一部分。（每日邮报）
2月22,谷歌展示低温 CMOS 单量子比特控制器,本周，Google 在旧金山举行的国际固态电路会议上展示了他们的第一代低温 CMOS 单量子比特控制器。采用商用 CMOS 技术制造，其控制器以 3 开尔文运行，功耗不到 2 毫瓦，尺寸仅为 1 毫米×1.6 毫米。从功能上讲，它为单量子位门操作提供指令集，通过室温和 3 开尔文之间的数字线路提供量子比特的模拟控制，与目前的室温控制电子设备相比，功耗降低约 1000 倍。
2月22,DeepMind新论文：通过竞争实现紧急协调,DeepMind 今天发布了最新论文 Emergent Coordination Through Competition，以下是论文摘要：我们通过引入具有连续模拟物理学的具有挑战性的竞争性多智能体足球环境来研究强化学习者中合作行为的出现。我们证明，通过共同发挥分散的，基于人口的训练可以导致代理人的行为发展：从随机，简单的追球，最后显示合作的证据。我们的研究强调了在连续控制的大规模多智能体培训中遇到的几个挑战。特别是，我们证明了简单塑造奖励的自动优化，而不是自身有利于合作行为，可以导致长期的团队行为。我们进一步应用以游戏理论原则为基础的评估方案，该方案可以在没有预定义的评估任务或人类基线的情况下评估代理绩效。
2月22,OpenAI 限制新算法发布，AI 社区引热议,研究实验室 OpenAI 最近决定限制新算法的发布，这引起了 AI 社区的争议。该非营利组织表示，由于对「恶意应用程序」的担忧，它决定不分享该程序的完整版本，这是一种名为 GPT-2 的文本生成算法。但许多人工智能研究人员批评了这一决定，指责实验室夸大危险 这项工作构成了无意中引发了人工智能的「大规模歇斯底里」。批评主要围绕几个关键点。首先，通过隐瞒模型，OpenAI 阻止其他研究人员复制他们的工作。其次，模型本身并不像 OpenAI 所说的那样构成威胁。第三，OpenAI 没有采取足够的措施来抵制媒体炒作和歪曲这种 AI 新闻的倾向。（The Verge）
2月22,SC-FEGAN - 使用用户草图和颜色进行面部编辑的生成对抗网络,近期一篇有关 GAN 的新论文引起网上的热议。两位来自韩国电子和电信研究所的研究员提出了 SC-FEGAN - 一种使用用户草图和颜色进行面部编辑的生成对抗网络。该系统包括端到端可训练的卷积网络。与现有方法相反，系统完全利用具有颜色和形状的自由形式用户输入。这允许系统响应用户的草图和颜色输入，使用它作为生成图像的指南。在特定工作中，研究员训练网络具有额外的风格损失，这使得可以生成逼真的结果，尽管图像的大部分被移除。研究员提出的网络架构 SC-FEGAN 非常适合使用直观的用户输入生成高质量的合成图像。
2月22,英国人工智能领域风投五年内翻近六倍,"据外媒报道，周四公布的一份数据显示，英国人工智能领域的风险投资从2014年到2018年几乎翻了六倍。

根据市场情报公司Dealroom的研究发现，2018年英国人工智能创业公司的投资达到创纪录的9.97亿英镑（13亿英镑），自2014年以来持续上涨，当时投资仅为1.53亿英镑。

根据Dealroom的数据，对人工智能的最大兴趣来自2016年至2017年，当时英国公司的风险投资资金几乎翻了一番，从5亿英镑增加到超过9亿英镑。"
2月22,索尼加强图像传感器等芯片业务：投入40%新招工程师,索尼公司周四表示，接下来两年，公司将把在日本新招聘的40%工程师分配给图像传感器等芯片业务。该公司目前正从汽车、手机等新应用场景中寻找增长点。索尼此前表示，计划在截至2021年3月的三年内向图形传感器业务投资约54亿美元。今明两年，索尼计划每年在日本招聘320名新工程师，高于2018年的250名。这一数据不包含索尼海外部门招聘的工程师。
2月22,微众银行AI团队领衔推动人工智能国际标准的制定,2月21日，由微众银行主办的IEEE P3652.1（联邦学习基础架构与应用）标准工作组第一次会议在深圳成功召开。微众银行首席人工智能官（CAIO）、国际人工智能联合会(IJCAI)理事长杨强教授担任工作组主席并主持会议。会议邀请了来自深圳标准技术研究院、鹏城实验室、中国电信、腾讯、京东、小米、顺丰、平安一账通、招商金科、瑞士再保险公司、香港科技大学、香港理工大学等30余位政府、高校及国内外著名企业的专家。
2月22,落地有声，透彻影像首个AI胃部病理辅助诊断系统落地解放军总医院,经过3个月的试运行，在刚刚过去的春节前夕，透彻影像与解放军总医院联合研发的胃部病理辅助诊断系统Thorough Insights，在解放军总医院正式落地，成为全球首个大规模部署的病理辅助诊断系统，敏感度100%，特异性86%。透彻影像是一家专注于人工智能病理辅助诊断领域的医疗信息化公司。成立不到两年，目前已经与解放军总医院、医科院肿瘤医院、中日友好医院、北京协和医院等多家国内顶尖三甲医院建立了合作关系。近日，其与解放军总医院联合研发的胃部病理辅助诊断系统，已经正式进入商业运行阶段。目前，透彻影像已经完成了由弘道资本领投的3000万人民币的天使轮融资。
2月22,微软宣布在法国成立人工智能全球发展中心   ,2月22日消息，微软公司宣布，将依托位于巴黎近郊伊西莱穆利诺市的微软工程中心成立一个人工智能全球发展中心，旨在为微软的全球用户与合作伙伴提供人工智能解决方案等。微软公司当天说，这个人工智能全球发展中心已吸引了来自全球各地的100余名工程师。新成立的人工智能全球发展中心的使命是支持微软的用户进行数字化转型，通过人工智能提高效率和生产力。
2月22,浙江发布新一代人工智能发展行动计划,《浙江省促进新一代人工智能发展行动计划（2019—2022年）》（以下简称《行动计划》）近日印发，旨在加大人工智能核心技术攻关和深度融合应用力度，不断催生新产业，培育新动能，抢占制高点，促进全省经济社会智能化升级和高质量发展。《行动计划》提出的行动目标为，以数字经济为引领，超前系统布局，优化顶层设计，增强原创能力，务实核心基础，发展人工智能软硬件及智能终端产品，提升制造业智能化水平，完善公共支撑体系建设，推动人工智能与经济社会发展和人类生活需求深度融合，促进新一代人工智能高质量发展。力争到2022年，浙江省在关键领域、基础能力、企业培育、支撑体系等方面取得显著进步，成为全国领先的新一代人工智能核心技术引领区、产业发展示范区和创新发展新高地。
2月22,凤凰金融推出「凤凰真准」 专业化+智能化领航财富管理服务,"「凤凰真准」作为一款智能化资产配置产品,利用人工智能满足大量中产新富人群多样化、个性化的财富管理需求,凭借「智能化+专业化」的优势,实现了财富管理业务的一次跨越。长期以来,凤凰金融以移动互联、人工智能、大数据、云计算等新兴技术与财富管理各场景各环节结合。凤凰金融自2015年开始实施「智能金融」战略,此次推出的「凤凰真准」便是该战略指导下,又一面向大众的「智能+财富管理」的应用。"
2月22,中南高科·扬中智能制造产业园今日开工,2月22日，江苏省镇江扬中市2019年重大产业项目开工活动暨中南高科·扬中智能制造产业园开工仪式在新坝镇举行。据了解，该产业园的建设，将进一步加速新坝镇产业结构优化和转型升级步伐，将全面优化产业规划布局、提升智能制造水平。中南高科将整合全球产业资源与创新要素，构建孵化、加速、聚集的全价值产业培植链，为扬中打造产业生态，形成区域上下游高端产业集群，推动经济发展。
2月22,富国证券：未来5年人工智能芯片市场将实现大幅增长   ,富国证券近日表示，未来5年人工智能芯片市场将实现大幅增长。该公司分析师 Aaron Rakers 引述了知名市场分析公司 Gartner 的预测，后者称全球人工智能芯片的销售额将在 2023 年达到 343 亿美元，而去年这一数字为 42.7 亿美元，年增长率可达 52%。Gartner 相信，物联网、个人设备和数据中心对人工智能芯片的需求会不断增高。Aaron Rakers 表示：「在整体芯片行业中，定制化人工智能芯片具有长期重要性，而我们目前正处于早期阶段。」Aaron Rakers 补充表示，人工智能工作在未来会变得更加专业化，定制芯片市场因此会得到进一步扩大。
2月22,Market Research Future：到2022年底，全球工业物联网市场将达6.5亿美元,研究机构Market Research Future最新全球工业物联网平台市场报告，内容涵盖历史市场趋势，当前市场动态，以区域划分市场估值，关键参与者的市场份额分析，竞争格局和供应链分析。报告预测，到2022年底，全球工业物联网（IoT）平台市场将达到6.5亿美元的价值，预计2016-2022年市场的复合增长率将达到23％。
2月22,重庆两江新区中德（水土）智能制造产业园下半年投用,近日，记者从重庆两江新区建设局获悉，位于两江新区水土高新生态城的中德（水土）智能制造产业园项目正在推进中，目前基本形象工程已完工，预计今年下半年投用。据了解，水土园项目以机器人及核心基础部件、智能传感器、智能终端设备等智能制造产业为主，建成后将力争形成以先进制造、电子信息、机器人等产业为主的产业集群。
2月22,亚马逊高管公开表示，人工智能在医疗领域的应用终于超越了炒作     ,2 月 22 日消息，亚马逊高管 Kass-Hout公开表示，人工智能在医疗领域的应用终于超越了炒作。人工智能工具不会取代医生，而是帮助他们更好地完成工作。据了解，Taha Kass-Hout是前美国FDA（食品和药物管理局）首席健康信息官，2018年3月份加入亚马逊，来帮助亚马逊发展医疗保健业务。
2月22,5G商用「元年」来临，如何开启智慧医疗时代？,当前，第五代移动通信技术（5G）正在阔步前行，它将以全新的网络架构，提供至少十倍于4G的峰值速率、毫秒级的传输时延和千亿级的连接能力，开启万物广泛互联、人机深度交互的新时代。2019年被称为5G商用的元年，通过提供更快的连接和更高的带宽，5G无线网络的发展将改善远程医疗和远程护理。5G代表了一种全新的数字医疗网络，它的到来，将把医疗模式提升到一个新的高度，并为整个行业带来显著的经济效益。动脉网摘编了国内外多份有关「5G+医疗」的行业报告和深度研究，力求详尽展示5G技术在医疗领域的前沿动态和落地实践。
2月22,艾伦人工智能研究所发布 scispaCy 包含擅长处理生物医学、科学及临床文本的 spaCy 模型    ,机器之心获悉，艾伦人工智能研究所宣布，包含有擅长处理生物医学、科学及临床文本的 spaCy 模型的 ScispaCyPython 包现已正式公布。
2月22,大湾区纲要点名深圳发展金融科技 多领域已拔得头筹,"在金融行业的竞争格局中，金融科技占据着越来越重要的地位。近日，《粤港澳大湾区发展规划纲要》（以下简称《纲要》）发布，其中，专门提到「支持深圳市建设保险创新发展试验区，推进深港金融市场互联互通和深澳特色金融合作，开展科技金融试点。在粤港澳大湾区的多个城市中，深圳市成为金融科技最重要的落子之处。」
 「从地域上来看，深圳市毗邻中国香港，两地早有互通合作基础」，有分析人士在接受《证券日报》记者采访时表示，之所以在深圳市开展科技金融试点，从行业生态来看，深圳市的金融科技创新模式一直是全国的先行军，无论是金融科技企业数量、金融科技渗透程度，还是当地政府对金融发展的支持力度，深圳市都是在全国领先。"
2月22,宜大城南校区投资2亿多元 拟设东部首座无人机办公室,宜兰大学取得城南校区约26公顷的土地后，预计先斥资2亿多元，规划设置城南校区，分两期开发，第1期计画预计兴建2栋建筑，除成立创新育成中心及食品创客中心，还要设置智慧农业专区，内含智慧园艺、智慧农机及无人机办公室，投资额约1亿1000万元，兴建经费由宜大自行编列，工程已进入设计阶段，预计年底发包动工，但完工时间仍未定。宜大生物机电工程学系主任杨江益表示，未来宜大的无人机办公室，将协助学生考取无人机飞行证照，以及农业特殊用途如施肥、喷药的无人机飞行证照，并将研究制造农业植保机，用于国土及水土保持监测。
2月22,南京农大构建世界首个植物重复基因数据库,2月21日，南京农业大学园艺学院教授张绍铃团队在国际著名学术期刊Genome Biology在线发表研究论文，系统鉴定了梨等141种植物基因组中不同类型重复基因，构建世界首个植物重复基因数据库，揭示重复基因进化的普遍规律。该团队前期系统鉴定梨基因组中重复基因的基础上，开发了一个具有普遍适用性的生物信息学方法（命名为DupGen_finder），用于鉴定植物界中不同种类植物基因组中的重复基因。深入分析141种植物基因组中重复基因含量随时间变化规律发现，基因串联复制和邻近复制在植物漫长的进化过程中始终保持较高的发生频率，为植物适应复杂多变的外界环境提供了源源不断的遗传变异材料。
2月22,微软宣布在法国成立人工智能全球发展中心   ,2月22日消息，微软公司宣布，将依托位于巴黎近郊伊西莱穆利诺市的微软工程中心成立一个人工智能全球发展中心，旨在为微软的全球用户与合作伙伴提供人工智能解决方案等。微软公司当天说，这个人工智能全球发展中心已吸引了来自全球各地的100余名工程师。新成立的人工智能全球发展中心的使命是支持微软的用户进行数字化转型，通过人工智能提高效率和生产力。
2月22,工商银行北京市分行为民营企业 人工智能「独角兽」保驾护航,近年来，工行北京分行始终积极支持实体经济，对于国有企业和民营企业一视同仁、平等对待，坚持「不唯大小、不唯所有制、不唯行业，只唯客户优劣」的经营原则。以全方位的金融服务，深入贯彻金融支持民营企业发展，为优质民营企业赋能，最终实现银企双方的互利共赢。据工行北京分行相关负责人介绍，为了更好的支持该企业发展，工行与该企业签订「总对总」合作协议，充分运用行内各项资源，发挥综合化、国际化的经营优势，为民营企业提供综合化的金融服务，积极支持优质民营企业发展。该行为企业提供了5000万元营运资金贷款支持，帮助企业加大在创新研发方面的投入，巩固行业内的龙头地位。同时，针对企业的行业特点和金融需求，为其量身打造一站式金融服务模式，包括流动资金贷款、代理债权投资、项目融资、并购咨询顾问服务、集团企业境外资金境内归集、银企互联、本外币结算、对公理财、代发工资及差旅公务卡等一站式金融服务业务，为民营企业经营发展保驾护航。
2月22,落地有声，透彻影像首个AI胃部病理辅助诊断系统落地解放军总医院,经过3个月的试运行，在刚刚过去的春节前夕，透彻影像与解放军总医院联合研发的胃部病理辅助诊断系统Thorough Insights，在解放军总医院正式落地，成为全球首个大规模部署的病理辅助诊断系统，敏感度100%，特异性86%。透彻影像是一家专注于人工智能病理辅助诊断领域的医疗信息化公司。成立不到两年，目前已经与解放军总医院、医科院肿瘤医院、中日友好医院、北京协和医院等多家国内顶尖三甲医院建立了合作关系。近日，其与解放军总医院联合研发的胃部病理辅助诊断系统，已经正式进入商业运行阶段。目前，透彻影像已经完成了由弘道资本领投的3000万人民币的天使轮融资。
2月22,5G商用「元年」来临，如何开启智慧医疗时代？,当前，第五代移动通信技术（5G）正在阔步前行，它将以全新的网络架构，提供至少十倍于4G的峰值速率、毫秒级的传输时延和千亿级的连接能力，开启万物广泛互联、人机深度交互的新时代。2019年被称为5G商用的元年，通过提供更快的连接和更高的带宽，5G无线网络的发展将改善远程医疗和远程护理。5G代表了一种全新的数字医疗网络，它的到来，将把医疗模式提升到一个新的高度，并为整个行业带来显著的经济效益。动脉网摘编了国内外多份有关「5G+医疗」的行业报告和深度研究，力求详尽展示5G技术在医疗领域的前沿动态和落地实践。
2月22,英国利兹大学招募博士生，用AI改变健康医疗   ,2 月 22 日消息，英国利兹大学将招募博士生，建立一个新的博士培训中心（CDT），重点是癌症的早期发现、诊断、治疗和护理，旨在培养下一代人工智能医疗保健先驱，用AI改变健康医疗 。据介绍，研究人员将与包括利兹教学医院信托基金（LTHT）、英国国民健康服务（NHS）在内的主要国家合作伙伴合作。LTHT是欧洲最大的教学医院之一。它被称为癌症研究的主要中心，拥有世界着名的生物医学研究设施和领先的临床试验研究单位。
2月22,艾伦人工智能研究所发布 scispaCy 包含擅长处理生物医学、科学及临床文本的 spaCy 模型    ,机器之心获悉，艾伦人工智能研究所宣布，包含有擅长处理生物医学、科学及临床文本的 spaCy 模型的 ScispaCyPython 包现已正式公布。
2月23,Ctrl-labs 从 GV 和 Alexa Fund 融得 2800 万美元 用于神经接口,日前，纽约创企 Ctrl-labs 正在开发一种能够将电动肌肉冲动转化为数字信号的设备，该公司今天宣布，已经在谷歌风险投资部门 GV 领导的一轮融资中募集了 2800 万美元，另外参与投资的还有亚马逊的 Alexa Fund，Lux Capital，Spark Capital，Matrix Partners，Breyer Capital 和 Fuel Capital 等重量级人物。此前，Ctrl-labs 在去年 5 月获得了 2800 万美元的融资，并使该公司的总融资额达到 6700 万美元。首席执行官托马斯·里尔登（Thomas Reardon）表示，新资本将用于发展公司最近在旧金山开设的研发实验室，并支持其商业合作伙伴关系。他还说，该资金还将被用于构建和分发 Ctrl-labs 的开发工具包，即该公司于 12 月在芬兰赫尔辛基的 Slush 展出的 Ctrl-kit。（venturebeat）
2月23,Albertsons 联手微软云 期许 AI 改善客户体验,日前，Albertsons 作为美国最大食品和药品零售商之一，正大力采用微软的云解决方案，包括 Microsoft Azure 和 Microsoft 365，期许为客户和员工提供新的和变革性的体验。通过利用微软 Azure 作为超市首选的云平台，Albertsons 希望能够借助人工智能够减少客户在购物体验中的不愉快体验。「我们正在重新构想未来，以他们想要在所有渠道与我们互动的方式为客户提供服务，」Albertsons 执行副总裁兼首席信息官 Anuj Dhanda 说。「微软在 Albertsons Companies 大规模应用的认知技术，人工智能和数据科学方面的优势将改变我们商店和数字化的客户体验。」（lightreading）
2月23,亚马逊利用机器人提高工厂工作效率,"据外媒报道，亚马逊目前已拥有超过 25 个机器人中心，亚马逊机器人公司的首席技术专家 Tye Brady 表示这已经改变了公司的运营方式。在机器人的帮助下，过去需要花费一天左右完成的工作如今在不到一小时的时间内就可以完成，在同等情况下，他们能够多容纳约 40% 的商品。他表示，使用机器人的目标是「扩展人们的能力」，这样人类就可以专注于解决问题并在必要时进行干预。Brady 提到，自 2012 年收购物流机器人制造商 Kiva 以来，亚马逊全面投入机器人技术，他们创造了 30 万个新工作岗位，使全球亚马逊员工总数达到 645,000 人。他相信「协作机器人」是未来人类生产力和就业增长的关键。（TheJakartaPost）
"
2月23,SilverPush B 轮融得 500 万美元 将用于提高 AI 能力,SilverPush 是一家专注于多屏幕的营销技术平台，已经在全球营销技术公司 FreakOut Holdings 的带领下于 B 轮融资中筹得 500 万美元。该资金将用于进一步扩大 SilverPush 在全球的业务，包括亚太地区的新市场，如香港，澳大利亚和韩国;并提高人工智能（AI）能力，以期将该技术应用于广告以外的行业。（economictimes）
2月23,英特尔称其5G调制解调器芯片不会早于2020年在手机中推出,路透社报道称，英特尔公司高管上周五称其5G调制解调器芯片将不会早于2020年在手机中推出，这增加了其最大客户Apple公司在提供使用更快网络的设备方面落后竞争对手一年多的可能性。（路透社）
2月23,微软助力艾森克美孚利用云计算帮助油田开采,路透社消息，埃克森美孚与微软于本周五表示已确定在美国石油生产商的页岩矿业务中使用云计算技术，并表示这将有助于美国最大页岩油田的盈利水平。据悉，该合作伙伴关系是云计算领域最大的一次合作，该技术可以立即检测设备泄漏，减少远程位置的维修时间，并应用人工智能分析钻井和完井数据。
2月23,谷歌 AI 新博客 从稀疏和未指定的奖励中学习概括,强化学习（RL）为优化面向目标的行为提供了统一且灵活的框架，并且在解决诸如玩视频游戏，连续控制和机器人学习等具有挑战性的任务方面取得了显著成功。RL 算法在这些应用领域的成功往往取决于高质量和密集奖励反馈的可用性。然而，将 RL 算法的适用性扩展到具有稀疏和未指定奖励的环境是一个持续的挑战，需要学习代理从有限的反馈中概括（即，学习正确的行为）。在这种问题设置中研究 RL 算法性能的一种自然方法是通过语言理解任务，其中为代理提供自然语言输入，并且需要生成复杂的响应以实现输入中指定的目标，同时仅接收二进制成功失败的反馈。
2月23,DeepMind 新论文「世界探索模型」,DeepMind 新论文介绍道，作为人类，我们渴望在我们的世界中寻求新奇。在观察一种新颖的模式后，我们能够根据新的信息改善我们对世界的理解，人类由此可以发现世界。人类思维对于发现的杰出能力已经在科学，艺术和技术方面取得了许多突破。在这里，我们研究了使用现代 AI 技术构建能够发现其世界智能体的可能性。我们特别介绍了 NDIGO，神经差分信息增益优化，这是一种自我监督的发现模型，旨在寻找新信息，通过部分和嘈杂的观测来构建其世界的全局视图。我们对一些受控二维导航任务的实验表明，NDIGO 在学习表示的质量方面优于最先进的信息搜索方法。在存在白噪声或结构噪声的情况下，性能的改善尤其显著。
2月23,Global Market Insights: 至2025年，AI+制造业市场将达到160亿美元,根据2019年 Global Market Insights 的报告，人工智能+制造业市场将从2018年的10亿美元爬升至2025年的160多亿美元。 制造业市场中的人工智能是由工业4.0技术的快速采用推动的。 制造商越来越需要降低运营成本和提高运营效率，这是推动工业4.0采用的首要因素。此外，由于制造业先进技术的激增，欧洲制造业市场+人工智能将以44％的复合年增长率增长至2025年。
2月23,2020年iPhone搭载的A14将采用5纳米工艺,据台湾媒体 DigiTimes 的消息称，今年的新款 iPhone 将搭载 A13 芯片，根据之前的报告，A13 芯片会继续采用 7 纳米工艺，与去年的 A12 芯片相同。而未来将于2020 年发布的全新 iPhone 将搭载 A14 芯片，会采用更先进的 5 纳米工艺芯片。为苹果代工 5 纳米芯片的仍然是台积电（TSMC）。
2月23,虚拟现实医疗公司VRHealth创新VR技术，帮助乳腺癌患者降低化疗副作用,近日，虚拟现实医疗公司VRHealth发布了最新的研究报告，报告显示，患有潮热和盗汗的乳腺癌患者在接受了该公司的VR-AI治疗后，潮热和盗汗症状减少了50%。在这次治疗当中，VRHealth让患者每天佩戴VR眼镜，持续24天，以体验完全身临其境的虚拟现实。通过VR眼镜，给患者呈现360度冬雪全景，随时观察患者的生活状态。在每天接触「很冷」的VR虚拟冬季世界后，乳腺癌患者的潮热和盗汗减少了50%。此外，研究还发现部分患有心理疾病的乳腺癌患者心理困扰也有所降低。VRHealth是全球首家获得认证的虚拟现实（VR）医疗公司，其所有治疗应用均已通过FDA注册。VRHealth使用XR技术（VR、AR、MR的融合）创建治疗应用，通过平台收集患者与虚拟对象的交互情况，再通过AI云计算分析患者的缓解程度，最后强化应用的治疗效果，为患者提供个性化的治疗方案。
2月23,亚马逊利用机器人提高工厂工作效率   ,"据外媒报道，亚马逊目前已拥有超过 25 个机器人中心，亚马逊机器人公司的首席技术专家 Tye Brady 表示这已经改变了公司的运营方式。在机器人的帮助下，过去需要花费一天左右完成的工作如今在不到一小时的时间内就可以完成，在同等情况下，他们能够多容纳约 40% 的商品。他表示，使用机器人的目标是「扩展人们的能力」，这样人类就可以专注于解决问题并在必要时进行干预。Brady 提到，自 2012 年收购物流机器人制造商 Kiva 以来，亚马逊全面投入机器人技术，他们创造了 30 万个新工作岗位，使全球亚马逊员工总数达到 645,000 人。他相信「协作机器人」是未来人类生产力和就业增长的关键。"
2月23,阿里云：智能经济将在零售、交通行业爆发,近日，阿里研究院发布报告展望下一个10年智能经济的浮现，云计算和人工智能的发展将促使「数据+算法+算力」的决策机制将形成一种新的经济形态。其其中，零售、交通、金融等行业将首先得到突破。
2月23,《柳叶刀》：人工智能可识别九类急性脑CT异常,在新的研究中，人工智能深度学习算法能够准确识别头部CT扫描中9种不同程度的异常。研究人员从印度20家医院门诊放射中心，收集了超过313000张匿名患者的头部CT扫描影像来训练其算法，并随机选择9000多名患者的21000个扫描样本验证算法。结果显示算法能够准确识别头部CT扫描中9种不同的严重异常。这项由印度Qure.ai公司资助，题为《Deep learning algorithms for detection of critical findings in head CT scans: a retrospective study》的研究，发表在《柳叶刀》（The Lancet）杂志上。
2月23,亚马逊利用机器人提高工厂工作效率   ,"据外媒报道，亚马逊目前已拥有超过 25 个机器人中心，亚马逊机器人公司的首席技术专家 Tye Brady 表示这已经改变了公司的运营方式。在机器人的帮助下，过去需要花费一天左右完成的工作如今在不到一小时的时间内就可以完成，在同等情况下，他们能够多容纳约 40% 的商品。他表示，使用机器人的目标是「扩展人们的能力」，这样人类就可以专注于解决问题并在必要时进行干预。Brady 提到，自 2012 年收购物流机器人制造商 Kiva 以来，亚马逊全面投入机器人技术，他们创造了 30 万个新工作岗位，使全球亚马逊员工总数达到 645,000 人。他相信「协作机器人」是未来人类生产力和就业增长的关键。"
2月23,虚拟现实医疗公司VRHealth创新VR技术，帮助乳腺癌患者降低化疗副作用,近日，虚拟现实医疗公司VRHealth发布了最新的研究报告，报告显示，患有潮热和盗汗的乳腺癌患者在接受了该公司的VR-AI治疗后，潮热和盗汗症状减少了50%。在这次治疗当中，VRHealth让患者每天佩戴VR眼镜，持续24天，以体验完全身临其境的虚拟现实。通过VR眼镜，给患者呈现360度冬雪全景，随时观察患者的生活状态。在每天接触「很冷」的VR虚拟冬季世界后，乳腺癌患者的潮热和盗汗减少了50%。此外，研究还发现部分患有心理疾病的乳腺癌患者心理困扰也有所降低。VRHealth是全球首家获得认证的虚拟现实（VR）医疗公司，其所有治疗应用均已通过FDA注册。VRHealth使用XR技术（VR、AR、MR的融合）创建治疗应用，通过平台收集患者与虚拟对象的交互情况，再通过AI云计算分析患者的缓解程度，最后强化应用的治疗效果，为患者提供个性化的治疗方案。
2月23,深度学习识别语音模式中的抑郁症    ,机器之心获悉，英伟达技术博客透露，心理治疗师经常使用「谈话疗法」来帮助患者通过谈话克服抑郁或焦虑。麻省理工学院的一个研究小组正在利用深度学习来揭示「谈话诊断」，意即通过分析患者的言语来检测抑郁症的迹象。研究人员称。该研究或能有效且廉价地诊断严重的心理健康问题。
2月23,北京市已将2100多名号贩子信息录入各大医院人脸识别系统    ,北京市卫健委透露，北京市已将2100多名号贩子信息录入北京各大医院人脸识别系统。北京目前已有30余家医疗机构配备了人脸识别系统，重点医院将共享2017年以来，被公安机关处罚的2100余名号贩子的头像信息、身份证信息等。未来这些人一旦进入医院，系统就能立刻监控到这些号贩子。
2月24,MWC 2019 | 华为发布全球首款5G折叠屏手机Mate X，售价约合17500元,刚刚，在华为MWC 2019全球产品发布会上，华为发布全球首款5G折叠屏手机HUAWEI Mate X，售价2299欧元（约合17500元）。HUAWEI Mate X搭载了华为最强的5G多模终端芯片——7nm巴龙5000和麒麟980芯片⁴。创新的折叠屏设计，实现了镜像智拍、双屏预览。后置摄像头可以作为前置摄像头使用，提供了全新的自拍方式。据华为消费者业务CEO余承东介绍，Mate X是全球最快的5G智能手机，内置的基带为华为首发的Balong 5000，同时兼容2G、3G、4G网络，峰值下载速率可达4.6Gbps，是4G LTE可体验速率的10倍。此外，华为在MWC 2019上并不会发布P30，而将会于3月26号在巴黎发布。
2月24,北京移动携手华为完成了中日友好医院5G室内数字化系统部署,近日，北京移动携手华为完成了中日友好医院5G室内数字化系统部署，为移动查房、移动护理、移动检测、移动会诊等应用提供了5G网络环境，为后期院方进行5G远程医疗新模式的探索与实践也打下了基础。对于今后首批拥有5G手机的市民来说，这也为其提供了相应的5G信号。据悉，此次三方的合作，是远程医疗解决方案在示范应用方面的一大进步，具有重大意义。
2月24,工业机器人技术逐步成熟 英国销量却在下降,根据英国自动化与机器人协会公布的数据，去年英国销售的新型工业机器人比2017年下降了15％。如果不包括汽车行业的市场，英国去年售出856台工业机器人，相比2017年988架时减少了13％。英国平均每万名工人安装42台工业机器人，远远落后其它欧洲国家，工业机器人使用密度德国为191台，瑞典180台，法国是89台，西班牙为87台。
2月24,作为金融科技的分支，监管科技有望成为下个投融资风口,"2017年5月，中国人民银行官网公布成立了金融科技（FinTech）委员会，旨在加强金融科技工作的研究规划和统筹协调。公告认为金融科技是技术驱动的金融创新，为金融发展注入了新的活力，也给金融安全带来了新挑战。中国人民银行金融科技委员会将强化监管科技（RegTech）应用实践，积极利用大数据、人工智能、云计算等技术丰富金融监管手段，提升跨行业、跨市场交叉性金融风险的甄别、防范和化解能力。这也是中国金融监管部门首次就监管科技正式对外提出RegTech的表述。实际上自从2008年金融危机以来，各国对金融机构的监管都趋于严厉，金融机构也不得不在合规领域上投入前所未有的人力、物力，监管科技应运而生。作为金融科技的一个分支，监管科技是科技与金融监管全方位融合的产物。随着2017年5月中国人民银行金融科技委员会的成立，我国监管科技开始从讨论阶段走向了实质性的制度化和具体运用阶段。2018年8月,证监会正式印发《中国证监会监管科技总体建设方案》，明确了监管科技1.0、2.0、3.0各类信息化建设工作需求和内容，明确了五大基础数据分析能力、七大类32个监管业务分析场景，提出了大数据分析中心建设原则、数据资源管理工作思路和监管科技运行管理「十二大机制」。"
2月24,投资50亿 山推挖掘机2万台智能制造项目正式启动,2月22日上午，国家级临沂经济技术开发区2019年度春季新旧动能转换重点项目集中签约开工仪式在山东重工集团临沂基地隆重举行。山重建机作为山东重工2万台挖掘机智能制造项目承接单位承办此次集中签约开工仪式。仪式现场，集中签约开工的重点项目共26个，涵盖智能制造、医药健康、现代服务、民生建设等多个领域。山东重工2万台挖掘机智能制造等11个项目在山重建机率先集中奠基开工，其他15个项目与开发区管委会集中签约。山东重工集团副总经理谢树敏指出，根据集团战略规划要求，山重建机将全力建设成为「智能化、数字化」的国内领先挖掘机智能制造工厂。
2月24,辽宁将深入推进100个智能制造及服务试点示范项目    ,2月23日，辽宁省政府发布《2019年省〈政府工作报告〉任务分解和责任分工方案》，提出辽宁今年将持之以恒打造发展环境最优省，全面推进创新型省份建设；加快沈阳全面创新改革试验区建设，深入推进100个智能制造及智能服务试点示范项目；加快5G商用步伐，提升信息网络、现代物流等基础设施支撑能力。
2月25,48线Argus车规级验证，128线Omini商业化量产，流深光电首次公布激光雷达布局,2月25日消息，流深光电首次对外透露两款激光雷达产品车规验证及量产计划：面向前装市场，与车和家合作，于今年完成48线激光雷达Argus的车规级验证；面向自动驾驶测试运营市场，于今年实现128线激光雷达Omini的商业量产。无锡流深光电科技有限公司是一家专注于精密激光，光电传感等核心技术研发的创新企业，面向测绘、工业机器人、汽车ADAS、军民用无人系统等行业市场，提供高性能、高可靠性的激光，光电传感技术及应用方案。
2月25,最新论文：克服多模型遗忘,"在论文《Overcoming Multi-Model Forgetting》中，研究者确定了一种现象，称之为「多模型遗忘」。这种现象发生在顺序地训练具有部分共享参数的多个深度网络时：由于共享参数的覆盖，先前训练的模型的性能随着优化后续模型而降低。为了克服这个问题，研究者引入了统计学上合理的权重可塑性损失，根据共享参数对先前模型的重要性来规范学习模型的共享参数，并证明其在按顺序训练两个模型和进行神经结构搜索时的有效性。在神经结构搜索中增加权重可塑性可以在搜索结束时保留最佳模型，并在自然语言处理和计算机视觉任务中产生改进的结果。

"
2月25,UCL等研究人员发表新论文 : 在线元学习,"智能系统的核心功能是能够不间断地建立以前的经验基础之上，加速和增强新任务的学习。元学习将此问题视为学习先前的模型参数，该模型参数适合于在新任务上快速适应，但通常假设该组任务可作为批处理一起使用。相比之下，在线（regret based）学习则考虑了一个接一个地揭示问题的顺序设置，但是传统上只训练一个模型而没有任何特定任务的适应。在论文《Online Meta-Learning》中，伦敦大学学院（UCL）等研究人员引入了一个在线元学习设置，它融合了上述两种范式的思想，以更好地捕捉持续终身学习的思想和实践。研究者建议遵循元领导（meta leader）算法，该算法将MAML算法扩展到此设置。从理论上讲，这项工作提供了一个O（logT）regret保证，与标准在线设置相比，只有一个额外的高阶平滑度假设。研究者对三种不同的大规模任务的实验评估表明，所提出的算法明显优于基于传统在线学习方法的替代方案。
"
2月25,终生强化学习的生成记忆,"论文《Generative Memory for Lifelong Reinforcement Learning》的研究重点是理解「生物记忆转移」，并将之应用到新的AI系统，从而在整个场景生命体验上从根本上改善其性能。研究人员利用当前对生物记忆转移的理解获得了用于记忆合并和重放的AI算法，提出使用生成存储器（可以在批量样本中调用）以伪排练的方式训练多任务代理。我们展示的结果激发了对生成记忆的潜在空间的任务不可知分离的需求，以解决终身学习中灾难性遗忘的问题。

"
2月25,筋斗云自动驾驶无人车与康师傅达成合作,2月25日消息，筋斗云无人车与康师傅达成合作，筋斗云无人车通过视觉算法技术的自动驾驶，现场实现了自动回到康师傅站点补货，取代人力成本。此次活动现场签下了十多家实体超市和快消品品牌商，接下来，筋斗云将开始在新物流/新零售有更深的布局。（36氪）
2月25,特朗普将延长中国商品关税的最后实施期限,美国当地时间 2 月 24 日下午，第七轮中美经贸高级别磋商在美国首都华盛顿结束。美国总统特朗普表示，「美国在与中国的贸易谈判中就包括知识产权保护、技术转让、农业、服务业、汇率等重要结构性问题，以及很多其他议题取得巨大的进展。由于磋商取得实质性进展，美国将延长原定于 3 月 1 日对中国商品加征关税的最后实施期限。」
2月25,赛灵思联手三星实现全球首例5G NR商用部署,2月25日消息，自适应和智能计算企业赛灵思公司与三星电子有限公司宣布加深合作，携手在韩国完成全球首例5G新无线电商用部署，2019 年起将陆续在全球其他国家展开部署。双方合作除了为解决新一代 5G mMIMO 系统数倍增长的计算强度需求外，同时也致力于促成业界采用机器学习算法最大化波束成形增益的效能，从而进一步提升系统的容量和性能。
2月25,微软在MWC推出一款面向开发者的人工智能相机,2月25日消息，微软在2019西班牙巴塞罗那世界移动大会（MWC）期间推出了一款面向开发者的人工智能相机「Azure Kinect」，售价399 美元，即日起可预订。据介绍，该系统拥有一个100 像素的摄像头，一个1200万像素的摄像头和一个7麦克风阵列。Azure Kinect将HoloLens 2中的深度感应摄像头技术与圆形麦克风阵列和彩色摄像头相结合，并搭配以Microsoft Azure中的人工智能服务。它可以帮助开发者建立新的感知功能，如根据锯子的声音识别其是否属于危险的运行情况，支持机器人在装箱时判断距离，或者是识别从商店货架中选择的物品。Azure Kinect 的早期用户包括AVA Retail，以实现自助结账和「随时随地购物」，以及Ocuvera。
2月25,创维数字:与百度Duer OS AI系统在智能OTT盒子&音响上已开始合作,2月25日消息，创维数字在互动平台回复投资者提问时称，公司与百度Duer OS AI系统在智能OTT盒子&音响上已开始人工智能及应用生态的合作，汽车电子与百度Carlife、地图导航、语音交互及在线应用等合作。深圳市酷开网络科技有限公司是公司控股股东深圳创维-RGB电子有限公司旗下主营电视OTT终端系统内容运营与服务的公司，不在创维数字上市公司体系内。（证券时报）
2月25,MR创企「太若科技」完成1600万美元A+轮融资,MR初创公司太若科技（Nreal）宣布已完成1600万美元的A+轮融资，由光大控股新经济基金团队领投，爱奇艺、顺为资本、华创资本跟投。继2019年1月公布的1500万美元A轮融资（投资方包括顺为资本、华创资本、APlus、新松和爱奇艺）后，太若科技的总融资额已经达到3100万美元。据悉，这家公司将利用新融资来继续产品的研发，团队的扩张，以及针对运营的投资。太若科技曾在CES 2019大会亮相了消费级的太阳眼镜式MR设备Nreal Light。
2月25,腾讯推出游戏AI智能伴侣「腾讯游戏知己」,2月25日消息，腾讯推出「腾讯游戏知己」（原腾讯游戏小悦），这是一款能解决游戏玩家互动，提高玩家活跃留存的产品。知几基于腾讯人工智能技术，利用语音识别、自然语言处理和大数据推荐能力，以玩家伴侣身份在游戏各个阶段向玩家提供轻量化、 个性化、定制化的游戏陪伴服务。（腾讯科技）
2月25,特斯拉Model 3电动车2018年销量称霸全球电动车市场,据悉，特斯拉Model 3去年销量称霸全球电动车市场，比最接近的竞争对手高出约50%。JATO Dynamics Ltd.指出，Model 3推出第一年销量飙升至138000辆左右，击败北汽集团EC系列的约92000辆。它还估计去年全年电动车销量增长约74%，达126万辆。（新浪美股）
2月25,辽宁将深入推进100个智能制造及服务试点示范项目,2月23日，辽宁省政府发布《2019年省〈政府工作报告〉任务分解和责任分工方案》，提出辽宁今年将持之以恒打造发展环境最优省，全面推进创新型省份建设；加快沈阳全面创新改革试验区建设，深入推进100个智能制造及智能服务试点示范项目；加快5G商用步伐，提升信息网络、现代物流等基础设施支撑能力。（沈阳日报）
2月25,微软HoloLens 2正式发布，售价为3500美元,"微软在2019西班牙巴塞罗那世界移动大会（MWC）期间正式发布了HoloLens 2混合现实头戴式显示器。HoloLens 2搭载了特殊版Windows ，并引入了新的手势交互系统，支持在空气中点击、缩放，操作系统，并且加入了人眼追踪功能，用户可以通过注视来完成一些操作。HoloLens 2售价为3500美元，首批预购订单将于夏季开始发货。（界面）
"
2月25,工程SaaS平台「地厚云图」获数千万元 Pre-A 轮融资,近日，工程基建领域 SaaS 平台「地厚云图」完成数千万元 Pre-A 轮融资，投资方是上市公司用友股份。用友对地厚云图的此轮融资，将强化项目管理 AI 研发与市场拓展，确保其在工程基建领域移动互联网的头部平台产品优势。（投资界）
2月25,谷歌助手专用按键将进入一系列新手机：包括小米和LG,据美国科技媒体CNET报道，谷歌2月24日在MWC展会上宣布，部分厂商的新手机将配备Google Assistant的实体专用按键，用户按下这种按键就能使用谷歌的数字助手。配备专用Google Assistant按键的新手机包括LG的G8 Thinq和K40、诺基亚的3.2和4.2，还有小米9和Mix 3 5G版，以及TCL和vivo的新手机。（新浪科技）
2月25,杭州国芯科技完成1.5亿元B轮融资,杭州国芯科技正式宣布获得1.5亿元人民币B轮融资。本轮融资由国投创合国家新兴产业创业投资引导基金领投，创新工场跟投。杭州国芯科技成立于2001年，专注于数字电视、家庭多媒体及人工智能领域的芯片设计和系统方案开发。本轮融资完成后，国芯将进一步加强在芯片、软件、算法等核心技术领域的投入，加速新产品研发，为业界推出更多创新并实用的产品。（投资界）
2月25,重庆将建新能源汽车智慧物流产业园,重庆将有新能源汽车创新服务的示范基地和集各项功能为一体的“区域中心”。重庆西部物流园今年将投资2亿元，建新能源汽车智慧物流产业园。该园区集新能源汽车体验中心、新能源汽车互联网数据服务及结算中心、新能源汽车仓储分拨中心、新能源汽车锂电池检测中心、新能源汽车充电站、汽车综合检测中心等功能于一体。（重庆日报）
2月25,Lyft或于本周启动IPO，目标估值最高250亿美元,据彭博社报道，如果按照预期于本周提交IPO（首次公开招股）申请，美国网约车平台Lyft有可能成为今年一系列即将上市的独角兽公司中的第一家。Lyft最近一轮融资的估值达到151亿美元。消息人士表示，该公司IPO的目标估值为200亿至250亿美元。（新浪科技）
2月25,「蓝箭航天」成功突破激光焊接夹层喷管技术,近日，国内商业航天企业蓝箭航天宣布，其自主研发的“天鹊”（TQ-12）80吨液氧甲烷发动机喷管夹层激光焊接一次成功，首台80吨发动机喷管顺利下线，蓝箭动力团队攻克了激光焊接夹层喷管技术难题。激光焊接夹层喷管技术实现了大型喷管机器人全自动激光焊接，为国内首创，并已完成了发明技术专利申报。
2月25,彭博：金融壹账通最快下半年赴港IPO,今日彭博社援引消息人士称，中国平安旗下金融壹帐通（OneConnect）最快下半年赴港 IPO，拟筹资 10 亿美元。事实上，自去年1月底平安集团内部「四独角兽」之一平安好医生赴港IPO之际，就有市场消息称，同为独角兽之一的金融壹账通也在规划分拆上市事项，可能在年内登陆资本市场。此后关于金融壹账通何时上市一直被市场猜测不断，包括最近一次即本月中旬壹钱包和壹账通双「壹」合并做大估值为上市铺路传言，引来多方关注与热议。据公开资料显示，金融壹账通于2018年初完成A轮融资，投资方包括SBI Holdings、软银愿景基金和IDG Ventures等机构，投后估值75亿美金。据彭博社此次报道，目前金融壹账通估值为80亿美元，与此前相比略有涨幅。
2月25,菜鸟上线「智能供应链大脑」，为雀巢打造可以看见的供应链,2月21日，菜鸟和雀巢合作打造的「智能供应链大脑」正式上线。菜鸟「智能供应链大脑」最大的特点是可视化、智能，以前需要调配大量人力进行数据获取分析的工作，现在每天起床后拿出手机，全盘供应链信息一览无余。哪些货好卖，哪里库存需要补充，调拨数量多少件，吃个早餐的功夫就能完成决策。
2月25,彭博：金融壹账通最快下半年赴港IPO,今日彭博社援引消息人士称，中国平安旗下金融壹帐通（OneConnect）最快下半年赴港 IPO，拟筹资 10 亿美元。事实上，自去年1月底平安集团内部「四独角兽」之一平安好医生赴港IPO之际，就有市场消息称，同为独角兽之一的金融壹账通也在规划分拆上市事项，可能在年内登陆资本市场。此后关于金融壹账通何时上市一直被市场猜测不断，包括最近一次即本月中旬壹钱包和壹账通双「壹」合并做大估值为上市铺路传言，引来多方关注与热议。据公开资料显示，金融壹账通于2018年初完成A轮融资，投资方包括SBI Holdings、软银愿景基金和IDG Ventures等机构，投后估值75亿美金。据彭博社此次报道，目前金融壹账通估值为80亿美元，与此前相比略有涨幅。
2月25,中兴通讯徐峰：5G将会加速消费物联网和工业物联网的数字化变革,中兴通讯高级副总裁兼终端事业部CEO徐峰2月25日在世界移动大会上表示，5G将会加速消费物联网和工业物联网的数字化变革。在消费物联网领域，5G跃升个人和家庭数字化体验，消费互联网、家庭和个人生活将实现无缝智慧互联。在工业物联网领域，5G使能全社会数字化，海量互联网连接将促进产业全面数字化。
2月25,高通推出RB3机器人开发平台 助力行业快速发展    ,随着移动世界大会（MWC 2019）的开幕，5G 成为了绝对的重量级主题。不过作为行业的佼佼者，高通不仅仅将重心放在处理器和基带上。外媒报道称，该公司刚刚发布了全新的 RB3 机器人平台。其采用基于骁龙的软件和硬件，旨在简化智能机器人的开发工作。
2月25,Qualcomm Technologies和博世宣布就工业物联网展开5G NR研究合作,"2019年2月25日，Qualcomm Incorporated子公司Qualcomm Technologies, Inc. 和罗伯特·博世有限公司（Robert Bosch GmbH）宣布展开研究合作，重点关注工业物联网（IIoT）领域的5G新空口（5G NR）技术应用。利用Qualcomm Technologies世界级的5G NR技术专长和博世数十年的工业自动化经验和技术，双方已经完成关于工业环境无线信道的联合研究，分析工业类场所独特的无线载波特性。接下来双方计划在博世的一家制造工厂中开展基于5G NR工业物联网应用的OTA试验。该试验将重点研究Release 15 5G-NR在现有工业用例中的适用性，并对全新类型的URLLC服务进行评估，该类服务是5G NR所支持的广泛服务之一，可通过无线工业以太网控制关键业务型机械。上述试验还将探索5G NR与工业网络和机器的紧密集成。作为5G网联工业与自动化联盟（5G-ACIA）成员，Qualcomm Technologies和博世正合作推动5G技术发展，以满足工业需求。"
2月25,杭州国芯科技完成1.5亿元B轮融资   ,杭州国芯科技正式宣布获得1.5亿元人民币B轮融资。本轮融资由国投创合国家新兴产业创业投资引导基金领投，创新工场跟投。据悉，杭州国芯科技成立于2001年，专注于数字电视、家庭多媒体及人工智能领域的芯片设计和系统方案开发；同时公司深耕人工智能领域，率先推出面向物联网的人工智能芯片，拥有自主研发的神经网络处理器、指令集及编译器等核心技术。据悉，本轮融资完成后，国芯将进一步加强在芯片、软件、算法等核心技术领域的投入，加速新产品研发，为业界推出更多创新并实用的产品。
2月25,泓格推工业物联网通讯服务器,泓格科技推出UA-5200系列通讯服务器，该系列为支援IIoT工业物联网之通讯服务器，内建OPC UA Server、MQTT Broker与Client功能可满足连接MES、ERP、SCADA和云端服务的需求。泓格表示，UA系列可透过Ethernet、RS-232、RS-485通讯介面及Modbus TCP/RTU/ASCII通讯协定，存取与控管现场I/O模组与控制器；UA-5200系列支援可连结500种以上Web App的云端服务平台「IFTTT」，其「If This Then That」逻辑控制功能让用户于事件发生时透过最常使用的手机App，接到第一手通知讯息。UA系列连结IT与OT，整合云端物联网以及Web Apps，让管理者轻松改善效能，提升工业物联网的竞争力。
2月25,恒锋工具：拟3.53亿元建设智能制造优化升级改造项目,恒锋工具2月25日午间发布拟投资建设智能制造优化升级改造项目的公告，拟以自有资金及自筹资金在浙江省海盐县武原镇新桥北路239号老厂区及河对岸新厂区投资建设智能制造优化升级改造项目。项目投资额度约3.53亿元，根据项目实施进展分期投入，最终项目开支以实际投资为准。
2月25,胰岛素使用的导航仪，d-Nav胰岛素管理APP通过FDA审批,近日，d-Nav手机APP通过了美国FDA 510(k)类医疗器械审批，成为首个用于用于指导个性化胰岛素使用的处方类医疗器械APP。2型糖尿病患者有望借助这款产品，更准确地控制糖尿病病情。作为首款获FDA批准的胰岛素管理手机APP，d-Nav手机应用适用于各种不同的胰岛素治疗方案，并可以个性化滴定胰岛素剂量，优化患者胰岛素的使用情况。不止于此，该APP还是首款能连接血糖检测仪并将数据储存在云端的胰岛素管理应用。Hygieia是一家致力于数字化胰岛素管理的公司，新获批的手机APP会成为Hygieia旗下胰岛素指导服务d-Nav的一部分。d-Nav服务采用了胰岛素滴定算法，可以根据病人实时的血糖水平调节胰岛素的使用量。同时，d-Nav服务使用云存储技术以便于医疗人员远程了解患者的血糖水平和胰岛素使用情况，加强医患之间的联系。
2月25,谷歌与Aravind眼科医院合作使用AI检测眼疾    ,谷歌的AI研究部门和 Alphabet 生命科学部门 Verily 正在利用机器学习来筛查糖尿病性视网膜病变和糖尿病性黄斑水肿，这两种情况均可导致失明。他们的目标是实现自动筛查，以便更快地发现疾病，并为更多人提供筛查机会。研究表明，该算法在评估疾病图像方面可以做到与普通眼科医生和视网膜专家一样好。据介绍，谷歌与印度的 Aravind 眼科医院的「首次使用该算法进行真实世界的临床试验」。Aravind相关负责人表示，「通过将 Verily 和谷歌的视网膜诊断程序整合到我们的筛查过程中，我们可以提高效率，让像我这样的医生有更多的时间与患者密切合作治疗和管理疾病，同时增加我们可以进行的筛查量」。
2月25,「蓝箭航天」成功实现大型喷管机器人全自动激光焊接   ,近日，国内商业航天企业蓝箭航天宣布，其自主研发的「天鹊」（TQ-12）80吨液氧甲烷发动机喷管夹层激光焊接一次成功，首台80吨发动机喷管顺利下线，蓝箭动力团队攻克了激光焊接夹层喷管技术难题。激光焊接夹层喷管技术实现了大型喷管机器人全自动激光焊接，为国内首创，并已完成了发明技术专利申报。
2月25,全球100位医疗AI领袖，中国仅两人入选，AI人才大战一触即发,近日，知名投资机构深度知识（Deep Knowledge Ventures）发布了《2018年第四季度AI在药物研发中的应用报告》，《报告》总结了2018年100位最具创新力和创业精神的AI企业家，他们致力于制药和医疗保健行业向数据驱动的转型。全球制药和医疗行业AI领域的顶尖领袖的国家分布具体为，美国有68位，英国13位，中国2位，加拿大5位，瑞士4位，爱尔兰2位，瑞典、荷兰、比利时、澳洲、法国、西班牙各有1位，总计100位。在制药和医疗研发领域，美国和英国仍然拥有数量最多的顶级人工智能专家，这或许并不令人意外。需要特别注意的是中国，虽然评选结果只有2名，但在AI驱动的制药和医疗研究方面的潜力是最大的。入选中国专家为碳云智能王俊、腾讯优图实验室郑冶枫。实际中国有三人，还有腾讯人工智能实验室主任范伟，因工作地点原因被划分在美国。
2月25,菜鸟上线「智能供应链大脑」，为雀巢打造可以看见的供应链,2月21日，菜鸟和雀巢合作打造的「智能供应链大脑」正式上线。菜鸟「智能供应链大脑」最大的特点是可视化、智能，以前需要调配大量人力进行数据获取分析的工作，现在每天起床后拿出手机，全盘供应链信息一览无余。哪些货好卖，哪里库存需要补充，调拨数量多少件，吃个早餐的功夫就能完成决策。
2月26,预计到2030年，人工智能将为世界经济贡献15.7万亿美元,据估计，2018 年人工智能为全球 GDP 贡献了 2 万亿美元。根据普华永道最近的报告，预计到 2030 年，人工智能对全球经济的贡献可能高达 15.7 万亿美元，「使其成为当今快速变化的经济中最大的商业机会」。
2月26,黑莓公司耗资14亿美元收购AI安全技术公司Cylance，确保物联网数据安全,2 月 26 日消息，黑莓公司宣布已完成对 AI 安全技术公司 Cylance 的收购，耗资 14 亿美元。Cylance公司总部位于美国加州，利用机器学习来预防安全入侵活动。它的应用程序可以预防恶意程序入侵，而不是在恶意程序入侵再作出反应。黑莓表示，Cylance 将作为公司内的独立业务部门运营，协助其 QNX 部门扩大业务。
2月26,谷歌母公司投资AI芯片公司Lightmatter，利用光学技术绕开摩尔定律,据国外媒体报道称，位于波士顿的一家小型初创企业 LightMatter 对人工智能所需要的快速、高效处理器芯片有一个新奇的想法：利用光子技术实现大量处理能力。具体来说，LightMatter 开发的芯片包括一种名为「马赫-曾德尔干涉仪」（Mach–Zehnderinterferometer）的光学组件，而不是更常见的乘加器或者 MAC 单元。LightMatter 希望，通过这一方法绕过当今芯片所面临的技术限制。LightMatter 刚刚从谷歌母公司 Alphabet 旗下的风险投资部门 GV 处获得了一笔资金支持。这或许意味着，Alphabet 相信前者芯片产品有望成为另一种全新类型的硬件产品，可以加快人工智能技术的发展，并在零售和医疗保健等领域大放异彩。
2月26,保隆科技发布「汽车动态视觉与雷达传感器」,"2月26日消息，上海保隆汽车科技股份有限公司发布了保隆科技自主研发的全新汽车动态视觉与雷达传感器等系列产品，包括动态视觉传感器、77G 及 24G 毫米波雷达、双目前视系统、红外热成像夜视仪、驾驶员预警系统、车用人脸识别系统等，这是人工智能在自动驾驶感知层上的融合应用，有助于汽车从辅助驾驶进化到自动驾驶、自主驾驶。
"
2月26,中兴通讯与中国移动研究院签署O-RAN合作备忘录,在2019年巴塞罗那世界移动通信大会期间，中兴通讯宣布与中国移动研究院签署O-RAN开放智能无线网络研究合作备忘录，共同推进无线网络人工智能等新型技术方案的研究和落地实施，以提升无线网络的智能化水平。（证券时报）
2月26,丰田宣布今年年底将推出聊天伴侣机器人,2月26日消息，丰田公司宣布，从今年年底起将向人们出售Kirobo Mini聊天伴侣机器人。Kirobo Mini机器人可以放在汽车的杯托中，旨在陪伴跑长途的孤独司机。这种机器人的税前价格为3.98万日元（392美元）。（腾讯科技）
2月26,谷歌与Aravind眼科医院合作使用AI检测眼疾,谷歌的AI研究部门和 Alphabet 生命科学部门 Verily 正在利用机器学习来筛查糖尿病性视网膜病变和糖尿病性黄斑水肿，这两种情况均可导致失明。他们的目标是实现自动筛查，以便更快地发现疾病，并为更多人提供筛查机会。研究表明，该算法在评估疾病图像方面可以做到与普通眼科医生和视网膜专家一样好。据介绍，谷歌与印度的 Aravind 眼科医院的「首次使用该算法进行真实世界的临床试验」。Aravind相关负责人表示，「通过将 Verily 和谷歌的视网膜诊断程序整合到我们的筛查过程中，我们可以提高效率，让像我这样的医生有更多的时间与患者密切合作治疗和管理疾病，同时增加我们可以进行的筛查量」。
2月26,开放互联基金会OCF与阿里巴巴ICA联盟宣布达成深度合作,2月25日，开放互联基金会（OCF）与IoT合作伙伴计划（ICA）在阿里巴巴西溪园区正式签署合作协议。根据协议，双方将在物联网标准领域开展联合研究，并在近期启动联合工作组，共同致力于推进物联网行业的发展。开放互联基金会OCF是世界主流的物联网标准组织，拥有400家以上的企业会员，包括英特尔、微软、高通、三星、中国信息通信研究院、中国电子技术标准化研究院、海尔等。ICA联盟由阿里巴巴集团及阿里云智能IoT事业部于2017年6月发起，联合了IoT产业链合作伙伴共同建立的IoT事实标准联盟。
2月26,谷歌开源序列建模框架Lingvo,Lingvo 是一个能够为协作式深度学习研究提供完整解决方案的 Tensorflow 框架，尤其关注序列到序列模型。Lingvo 模型由模块化构件组成，这些构件灵活且易于扩展，实验配置集中且可定制。分布式训练和量化推理直接在框架内得到支持，框架内包含大量 utilities、辅助函数和最新研究思想的现有实现。过去两年里，Lingvo 已被数十个研究人员在 20 篇论文中协作使用。在论文《Lingvo: a Modular and Scalable Framework for Sequence-to-Sequence Modeling》，作者对框架的各个部分进行了介绍，概述了 Lingvo 的基本设计，同时还提供了展示框架能力的高级功能示例。
2月26,云洲智能5G无人船亮相世界移动通信大会,2月26日消息，在2019年世界移动通信大会上，云洲智能携手爱立信、中国移动打造的5G无人船在大会上亮相。云洲智能相关负责人介绍，船搭载高清摄像头、水质采样设备及在线检测仪的设备，可以实现水域信息高清视频实时回传、VR后端演示、水质监测、无人船远程控制应用以及自动驾驶控制。（36氪）
2月26,日本寺庙推出机器人观音「Mindar」,近日，位于京都市东山区的临济宗建仁寺派寺庙高台寺对外公开了机器人观音「Mindar（YouTube）」，由大阪大学教授石黑浩等人协助研发，旨在向现代人简单易懂地阐明佛教的教义、使其的心情得到平静。机器人中编入了可以讲述关于《般若波罗蜜多心经》「佛语」的程序。包括底座在内，机器人观音高 195 厘米，重约 60 公斤。脖子上方的部位、手臂及躯体均可转动。左眼装有相机。寺庙方面说明称，观音为拯救众生而呈现出各种各样的姿态，此次则是「变身成机器人」。总事业费约为 1 亿日元。	 
2月26,MWC 2019:Oral-B推出一款人工智能牙刷,"在本届移动世界大会（MWC 2019）上，生活护理品牌 Oral-B 推出一款人工智能牙刷 —— GENIUS X 。该 AI 牙刷能够监测用户口腔健康状况，并在后续提供医疗保健报告。据悉，GENIUS X 配备的 AI，已经过数万次的刷牙行为训练，能够识别个人都有的刷牙风格。通过追踪当前的刷牙位置，AI 能够分析被忽略的区域，然后与最佳实践进行对比，提供指导和改进意见。Oral-B 为 GENIUS X 提供了配套的应用程序，可引导用户完成刷牙的每个阶段。GENIUS X 智能牙刷将于 2019 年晚些时候上市，不过官方尚未公布产品售价。（cnBeta）

"
2月26,中新天津生态城5G项目提升智慧城市基建水平,"2月26日消息，中新天津生态城与中国移动就5G项目签订战略合作框架协议，全面启动相关领域的实验与建设。双方将在5G通信试验系统及示范项目建设、民用建筑通信设施配套建设标准及管理办法研究、公共设施智能管理试验及示范项目建设三个方面进行合作，提升生态城智慧城市基础设施水平。在5G通信试验系统及建设合作示范项目方面，生态城计划于2020年年底前建成12座5G基站，初步实现利用5G网络进行智慧城市图像高清视频采集回传及监控功能。在公共设施智能管理试验及示范项目建设目前，该项目已经在区域内完成了88个基站的NB－IoT系统升级和测试工作，预计于2020年中旬完成全部相关智能管理设施的部署及应用工作。（北方网）
"
2月26,工业机器人激光视觉解决方案商「英莱科技」获2000万元A轮融资,2 月 26 日消息，工业机器人激光视觉解决方案商「英莱科技」获 2000 万元 B 轮融资，投资方为国投京津冀科技成果转化创投基金，本轮融资将主要用于团队建设、产品研发和推广。此前，英莱科技曾获北京诺宝通达资本运营中心 A 轮战略投资。据悉，英莱科技是一家激光视觉焊接系统解决方案商，自研激光传感器硬件和软件算法，与工业焊接机器人配套，帮助客户提高工业焊接效率和质量。（36氪）
2月26,腔镜手术机器人研发公司「北京术锐」完成数千万元A轮融资,2月26日消息，腔镜手术机器人研发公司北京术锐技术有限公司宣布完成数千万元A轮融资，由顺为资本领投，汇鼎基石跟投，老股东天峰医疗继续支持。本轮资金将主要用于扩充研发团队、开展临床研究、拓展手术机器人适应症范围、并完善机器人制造体系、扩大样机生产。北京术锐成立于2014年，是一家致力于独立自主研发、生产和销售微创外科手术机器人系统的高新技术企业，总部位于北京，在上海设有研发中心。目前，其自主研发的产品——术锐EZ Port®腔镜手术机器人系统的样机已研制完成，预计今年进入临床研究程序。（36氪）
2月26,Linker Networks 推出基于 Microsoft Azure 的自动驾驶自动标签服务,Linker Networks 今天宣布推出为自动驾驶行业提供持续学习的世界级人工智能自动贴标服务。Linker 的自动标记技术与 Microsoft Azure 云服务集成，为自动驾驶，制造，公共安全和医学成像等垂直整合行业中的机器学习预处理数据集提供了无缝，可扩展的解决方案。该服务将于 2019 年 6 月正式全面推出。（美通社）
2月26, 谷歌助手将植入到安卓手机短信应用中,Google 希望为您的短信添加更多人工智能。谷歌表示，正在将 Android 智能手机上的 Google 智能助手应用到手机上。Google 语音助手，类似于亚马逊的 Alexa 和 Apple 的 Siri，可以在早上的朗读头条新闻，帮助你检查航班或关掉走廊里的灯。在将智能助手应用到安卓短信功能中，也就意味着，在以下三种场景中为用户对话添加更多上下文：电影，餐馆和天气。例如，如果您正在与朋友聊天并提及旧金山的 Halu 餐厅，那么助理可能会建议您向朋友发送一张卡片，其中包含有关餐厅的更多信息。该建议将显示在短信应用中弹出键盘上方的自动智能回复旁。（cnet）
2月26,Telefonica 与微软扩大包括在 AI，5G 和边缘计算的合作伙伴关系,西班牙通讯公司 Telefónica 正在加深与微软的关系，以将 Microsoft Azure 用于人工智能扩展到客户家中。微软与总部位于西班牙的 Telefónica 之间的合作伙伴关系将包括建立人工智能家居体验，用于客户参与，并通过使用 AI，区块链，5G 和边缘计算帮助改造 Telefónica 的网络。（fiercetelecom）
2月26,D-Link 和微软合作在 MWC 2019 上推出智能城市解决方案,今天在 MWC 2019，D-Link 宣布与微软合作，为企业和城市提供量身定制的智能边缘解决方案。如今，各种城市和企业都在进行数字化转型和部署物联网解决方案，以便所有类型的环境和基础设施 - 银行，医院，办公室，公园，交叉路口，停车场等都能变得更加智能，安全和高效。包括 5G，云服务，AI 和边缘计算在内的技术进步为这种数字化转型奠定了基础。边缘计算技术和 5G 可实现更好的连接，新服务和更短的延迟，同时机器学习和人工智能支持实时分析，因此用户可以做出明智的决策。（美通社）
2月26,Husqvarna 推出采用 AWD 的 AI 机器人割草机,今天，Husqvarna 宣布推出 HusqvarnaAutomower®435XAWD，这是一款支持 AI 的机器人割草机，配备全轮驱动和智能家居连接。这款标志性的全自动机器人割草机设计用于管理坡度高达 70％的崎岖地形和斜坡，并与 Amazon Alexa，Google Home 一起使用。（financialpost）
2月26,普华永道与英国巴斯大学合作推动下一代人工智能人才,据外媒报道，作为英国政府与行业领头者的合作之一，普华永道近日宣布与巴斯大学博士培训中心建立新的合作伙伴关系，共同推动人工智能技术的发展。作为协议的一部分，普华永道将为其博士生提供基于项目的研究实习，并担任工业学生顾问，并加入 CDT 的战略合作伙伴关系委员会。据悉，人工智能技术已被囊括为英国现代工业战略的一部分，新的行业资助类人工智能研究生项目将会在英国大学中的 16 个专项中心推出，以培养新一代人工智能学博士。（Consultancy UK）
2月26,人工智能新加坡推出新计划 并与海洋协议合作开发人工智能研究人才,人工智能新加坡（AISG）宣布将推出两个新项目—AISG 工业研究生项目和 AISG 奖学金项目 - 培训战略性工业领域的 AI 研究人才，并吸引新加坡顶级 AI 专家帮助缩小学术界研究和行业解决方案之间的差距。作为研究合作的一部分，AISG 将与 Ocean Protocol 合作，成为第一个根据 AISG 工业研究生课程赞助研究生的组织。（美通社）
2月26,「道德」人工智能家庭助手在未来或可自行举报屋主违法行为,"据每日邮报报道，挪威卑尔根大学的学者们在一次会议中讨论了关于 Amazon Echo, Google Home 等家庭助手搭载「有道德的人工智能」的议题。如果欧洲学术界的该想法被付诸实践，家庭助手将会根据其「道德系统」向警察举报其主人的违法行为。有「道德」的人工只能将会迫使家庭助手决定是否将屋主的违法行为上报。报道称，如果该想法被实践，那么人工智能将能权衡是否向警方举报非法活动，有效地对数百万人进行长时间的监视。"
2月26,宝马新 AI 系统 让人车交互更自然,即使在使用 Google Assistant 或 Siri 等系统多年之后，当人与无生命物体交谈时，人难免会感到别扭。在汽车产业中中，早期的语音识别系统通常几乎无法使用，用户体验也往往相当糟糕。但随着近年人工智能的发展，人车交互已经取得了更好的进展。日前，宝马宣布希望通过将语音识别系统的数据与更好的人工智能工具，手势控制甚至凝视识别相结合，使其人车交互体验更上一层楼。目前，这款名为 BMW Natural Interaction（自热互动）的新系统将安置在 2021 年推出 BMW iNEXT 电动 SUV。（TechCrunch）
2月26,谷歌联手 Verily 使用人工智能筛查患者糖尿病眼病,谷歌最新博客称，其正在与 Verily，同时也是谷歌母公司 Alphabet 下属的生命科学部门，两者正在合作利用机器学习来筛查糖尿病性视网膜病变（DR）和糖尿病性黄斑水肿（DME），这两种情况可导致失明。合作目的是实现自动筛查，以便更快地发现疾病，并为更多人提供筛查机会。Verily 作为谷歌母公司 Alphabet 的一部分，实际上一直在与搜索巨头合作，在世界各地进行临床研究，特别是在印度，研究表明该算法在评估疾病图像方面与普通眼科医生和视网膜专家一样准确。该公司表示，这项研究的结果使得今年印度马杜赖的 Aravind 眼科医院的「首次真实世界临床使用该算法」。
2月26,谷歌发布基于 TensorFlow 的深度学习框架 Lingvo：用于 Seq2seq 建模,"近日，谷歌大脑发布了基于 TensorFlow 的深度学习框架 Lingvo，侧重于语言相关任务的序列模型，如机器翻译，语音识别和语音合成。

谷歌内部使用它的研究人员数量激增。因此，现在有数十篇已发表的论文，其中使用 Lingvo 制作了最先进的成果。支持的架构包括传统的 RNN 序列模型，Transformer 模型和包含 VAE 组件的模型。为了表明我们对研究界的支持并鼓励可重复的研究工作，我们开源了该框架，并开始发布我们论文中使用的模型。论文链接如下：https://arxiv.org/abs/1902.08295"
2月26,华为开发机器学习技术提高光网络效率,"利用机器学习的新工作可以提高光通信网络的效率。随着我们的世界变得越来越互联，与传统的铜线相比，光纤电缆能够在更长的距离上传输更多数据。光传输网络（OTN）已成为光纤电缆封装数据的解决方案，并且改进使其更具成本效益。


来自巴塞罗那的 Universitat Politècnica de Catalunya 和华为的一组研究人员重新设计了人工智能技术，以使 OTN 更有效地运行。他们将在即将于 3 月 3 日至 7 日在美国加利福尼亚州圣地亚哥举行的光纤会议和博览会上展示他们的研究成果。


OTN 需要有关如何分配他们管理的大量流量的规则，并编写规则以使这些瞬间决策变得非常复杂。例如，如果网络提供比语音呼叫所需的更多空间，则可能更好地使用未使用的空间以确保流式传输视频的最终用户不会「仍然缓冲」消息。"
2月26,深度学习识别语音模式中的抑郁症,机器之心获悉，英伟达技术博客透露，心理治疗师经常使用「谈话疗法」来帮助患者通过谈话克服抑郁或焦虑。麻省理工学院的一个研究小组正在利用深度学习来揭示「谈话诊断」，意即通过分析患者的言语来检测抑郁症的迹象。研究人员称。该研究或能有效且廉价地诊断严重的心理健康问题。
2月26,Superb AI 为机器学习项目生成定制的培训数据,对于诸多开发机器学习项目的研究来说，一大挑战是如何获取足够的相关数据来训练算法。作为 YC 孵化器 2019 冬季课程的成员之一的 Superb AI，该创业公司帮助公司创建自定义数据集，以满足任何项目的要求，使用 AI 加速标记过程。该公司首席执行官兼联合创始人 Hyun Kim 表示，试图将人工智能和机器学习融入其应用程序的公司面临的一大障碍就是提供一套合适的数据来训练模型。「使用 AI 为大型科技公司制作定制的 AI 培训数据。客户与我们合作，因此能在他们的产品中开发基于机器学习的同时也更快的功能。」（TechCrunch）
2月26, 微软员工要求微软取消与美国军方的 4.8 亿美元合同,路透社消息，微软公司 94 名员工于周五签署了一份请愿书，要求该公司取消与美国陆军的价值为 4.8 亿美元的硬件合同，停止开发「任何武器技术」。据悉，微软于去年赢得了一份为美国陆军提供至少 2500 个增强现实头盔原型产品。该头盔可在士兵眼前以数字方式显示背景信息。这些装置将被用于战场以及训练中，以提高士兵的「杀伤力，机动性以及态势感知能力」。目前，微软及美国军方没有立即回应该请求。
2月26,科大讯飞：合资设立广州华南脑控智能科技公司,36氪讯，科大讯飞发布公告称，其全资子公司安徽讯飞云创科技有限公司与胡郁、李远清、广州华南理工大学资产经营有限公司签订《关于成立广州华南脑控智能科技有限公司合作意向协议书》，共同投资设立广州华南脑控智能科技有限公司（暂定名），探索脑机协同在医疗、教育领域的创新应用和产业化落地。
2月26,Waymo自动驾驶汽车里程或已超2000万公里,据国外媒体报道，谷歌兄弟公司Waymo配备了自动驾驶技术的测试车正在美国多地进行路测，测试里程目前可能已超过2000万公里。Waymo去年曾6次公布其自动驾驶汽车的路测里程，其中最后一次是在10月11日，当时其路测里程达到了1000万英里（约1609万公里）。
2月26,高通推出RB3机器人开发平台 助力行业快速发展,随着移动世界大会（MWC 2019）的开幕，5G 成为了绝对的重量级主题。不过作为行业的佼佼者，高通不仅仅将重心放在处理器和基带上。外媒报道称，该公司刚刚发布了全新的 RB3 机器人平台。其采用基于骁龙的软件和硬件，旨在简化智能机器人的开发工作。
2月26,牵手西门子，雅森科技加速探索脑神经人工智能商业化,随着互联网狂潮席卷医疗界，企业单打独斗的日子已成过往云烟。近日，北京雅森科技发展公司入选为西门子打造数字化医疗生态圈合作的第一批公司，这家成立于2006年的老牌医疗影像公司凭借其脑神经相关的AI技术提前进入方阵。通过此项合作，双方将共同推进人工智能技术研发、大数据技术与传统器械的结合，发展新的商业模式，链接医疗生态上下游，实现协同发展，并通过西门子的影像设备加速雅森人工智能医疗产品和服务在全球范围落地应用。雅森科技以神经系统专病数字医疗作为其切医疗AI的方向，经过数十年的积累，已在神经（脑部）疾病领域建立起深厚的技术壁垒。雅森科技下一阶段的工作重点将聚焦于产品运营纵深化。随着同西门子等优质企业合作的推进，雅森商业场景的落地实现指日可待。
2月26,京东徐雷：京东零售子集团将向全零售形态转变,京东零售子集团CEO徐雷今日在京东零售子集团3C电子及消费品零售事业群消费品事业部合作伙伴大会上表示，面对新的环境，京东商城在升级为京东零售子集团后，商业模式上将迎来巨大变化，即从开放式货架向全零售形态转变。他解释称，全零售形态则意味着消费者可以在任何一个场景下形成交易——电商平台、社交媒体、线下店、社区中心、智能硬件等
2月26,商汤携手苏宁合作AI：给智慧零售大脑安上眼睛,"从参与第一家无人店「苏宁体育Biu」项目开始，苏宁与商汤就已展开紧密合作。苏宁拥有极佳的线上线下场景入口，商汤科技拥有业内领先的原创AI技术优势。 
双方合作，可以解决后端「货」及前端「人」（消费者）、「场」（到店场景） 的数字化，从店铺管理到顾客洞察，打通数据壁垒、重新定义业务逻辑。"
2月26,京东智能奶茶馆深圳湾门店门窗紧锁 已停业,近日，作为电商行业的中坚力量的京东动作频频，外界未免担忧互联网行业集体过冬。继京东发声要在2019年末位淘汰10%高管之后，京东智能奶茶店也于日前宣布停业，随后京东就此事正式作出回应。
2月26,黑莓公司耗资14亿美元收购AI安全技术公司Cylance，确保物联网数据安全   ,2 月 26 日消息，黑莓公司宣布已完成对 AI 安全技术公司 Cylance 的收购，耗资 14 亿美元。Cylance公司总部位于美国加州，利用机器学习来预防安全入侵活动。Cylance利用复杂的AI和机器学习算法来预测，检测和预防已知和未知的威胁 这些技术将增强BlackBerry的QNX和Spark平台在车联网以及各种物联网设备的表现。它的应用程序可以预防恶意程序入侵，而不是在恶意程序入侵再作出反应。黑莓表示，Cylance 将作为公司内的独立业务部门运营，协助其 QNX 部门扩大业务。
2月26,MWC 2019:Oral-B推出一款人工智能牙刷    ,在本届移动世界大会（MWC 2019）上，生活护理品牌 Oral-B 推出一款人工智能牙刷 —— GENIUS X 。该 AI 牙刷能够监测用户口腔健康状况，并在后续提供医疗保健报告。据悉，GENIUS X 配备的 AI，已经过数万次的刷牙行为训练，能够识别个人都有的刷牙风格。通过追踪当前的刷牙位置，AI 能够分析被忽略的区域，然后与最佳实践进行对比，提供指导和改进意见。Oral-B 为 GENIUS X 提供了配套的应用程序，可引导用户完成刷牙的每个阶段。GENIUS X 智能牙刷将于 2019 年晚些时候上市，不过官方尚未公布产品售价。
2月26,奥林巴斯将发售由AI协助发现癌症的软件,据日本共同社2月26日报道，奥林巴斯公司25日表示，3月8日发售由人工智能(AI)解析大肠内内窥镜图像的软件，协助医生发现癌症。据悉，这是内窥镜领域首个在日本得到药事监管批准的AI产品。各公司正致力于使用AI的技术，若实际运用有所进展，或有助于提高医疗质量。该软件可以从大肠内细胞核与血管的放大的摄影图像中，瞬间以数值显示是否是有癌症可能性的肿瘤。据悉经验较少的医生有时会漏看肿瘤，但让AI学习了约6万张图像，精确度据称可与熟练医生媲美。
2月26,海尔COSMOPlat携手中国宝武共建钢铁行业生态平台,2月26日，海尔集团与中国宝武钢铁集团「物联网生态战略合作」签约仪式在青岛举行，海尔与中国宝武有关领导出席本次会议。双方将致力于携手为用户提供全方位、个性化服务，促进双方生态圈加速融合，满足用户大规模定制需求。继续扩展双方合作领域，进一步探索在智能制造、工业互联网、人工智能、大数据、品牌合作等方面的深化合作，赋能下属及关联企业，打造共创共赢的物联网生态体系。根据此次协议内容，双方将建立创客交流合作机制与管理论坛，相互学习借鉴管理模式及智能制造、物联网平台等智能制造探索成果，共同研究、开发和应用新产品、新技术，推进产品技术、智造技术的进步。
2月26,联想首度面向全球发布物联网软硬件平台,当地时间2月26日，在西班牙巴塞罗那举行的MWC2019期间，联想集团正式发布软硬件一体物联网解决方案与开发套件，包括LeapIOT物联网平台和Leez物联硬件开发平台，这也是联想首次面向全球发布物联网相关的软硬件平台。联想集团副总裁、大数据事业部总经理田日辉表示，此次发布的联想软硬件一体物联网解决方案与开发套件，能够帮助企业打通信息化系统和智能生产系统，低成本改造传统业务，从而赋能企业智能化转型，提升企业整体运作效率。联想LeapIOT产品总监王晟介绍，此次发布的LeapIOT物联网平台，能够通过现场数据采集，企业信息集成和智能优化，赋能工业智能，解决企业智能制造中面临的问题。此外，联想发布了两款物联硬件开发平台，其中Leez P515专为工业解决方案需求而设计，而Leez P710是联想开发的首个旗舰单板计算平台，它也是首个支持AOSP 9.0 Android开源平台的单板计算平台。
2月26,商汤携手苏宁合作AI：给智慧零售大脑安上眼睛,"从参与第一家无人店「苏宁体育Biu」项目开始，苏宁与商汤就已展开紧密合作。苏宁拥有极佳的线上线下场景入口，商汤科技拥有业内领先的原创AI技术优势。 
双方合作，可以解决后端「货」及前端「人」（消费者）、「场」（到店场景） 的数字化，从店铺管理到顾客洞察，打通数据壁垒、重新定义业务逻辑。"
2月26,京东智能奶茶馆深圳湾门店门窗紧锁 已停业,近日，作为电商行业的中坚力量的京东动作频频，外界未免担忧互联网行业集体过冬。继京东发声要在2019年末位淘汰10%高管之后，京东智能奶茶店也于日前宣布停业，随后京东就此事正式作出回应。
2月26,意法半导体推出STM32MP1微处理器及Linux发行版 加快物联网和智能工业创新,2019年2月26日，横跨多重电子应用领域的全球领先的半导体供应商意法半导体（ST Microelectronics）利用Arm® Cortex® 研发知识扩大STM32 MCU的功能，使该微控制器产品组合覆盖到处理性能和资源要求更高且需要大型开源软件的应用领域。STM32系列主要用于解决客户对实时任务和功耗限制的重要要求，OpenSTLinux作为市场上主流的开源Linux发行版发布，将STM32系列从以实时任务和功耗限制为主的应用扩大到更广泛的市场。在MPU和软件的联合支持下，意法半导体提供一个整体方案，满足许多工业和专业应用的供货需求。此外，ST还与Witekio展开合作，将Android移植到STM32MP1上。Witekio董事长Yannick Chammings表示：「Witekio很自豪能与ST合作将Android移植到STM32MP1上。作为系统软件集成商，Witekio通过开发基于STM32MP1系列的完整软件系统，从Linux或Android定制，到Qt HMI开发和云连接，陪同ST客户开发物联网创新项目。」
2月26,京东徐雷：京东零售子集团将向全零售形态转变,京东零售子集团CEO徐雷今日在京东零售子集团3C电子及消费品零售事业群消费品事业部合作伙伴大会上表示，面对新的环境，京东商城在升级为京东零售子集团后，商业模式上将迎来巨大变化，即从开放式货架向全零售形态转变。他解释称，全零售形态则意味着消费者可以在任何一个场景下形成交易——电商平台、社交媒体、线下店、社区中心、智能硬件等
2月26,麦肯锡工业物联网中心在北京成立,2019年2月26日，全球管理咨询公司麦肯锡宣布在华成立麦肯锡工业物联网中心。麦肯锡同时发布与世界经济论坛合作撰写的报告《第四次工业革命：制造业技术创新之光》（中文版），报告遴选了全球制造业 「灯塔工厂」的优秀案例，为其他企业提供借鉴，以期惠及整个制造业生态圈。麦肯锡全球资深董事合伙人、亚洲运营咨询业务及物联网负责人艾家瑞（Karel Eloot）表示，麦肯锡工业物联网中心致力于帮助企业达成上述目标，即通过采用综合且多学科融合的方法，筛选生态系统合作伙伴，为企业员工提供再培训等，帮助中国企业规划和推进全面的端到端数字化转型方案，实现可持续变革。
2月26,腔镜手术机器人研发公司「北京术锐」完成数千万元A轮融资    ,2月26日消息，腔镜手术机器人研发公司北京术锐技术有限公司宣布完成数千万元A轮融资，由顺为资本领投，汇鼎基石跟投，老股东天峰医疗继续支持。本轮资金将主要用于扩充研发团队、开展临床研究、拓展手术机器人适应症范围、并完善机器人制造体系、扩大样机生产。北京术锐成立于2014年，是一家致力于独立自主研发、生产和销售微创外科手术机器人系统的高新技术企业，总部位于北京，在上海设有研发中心。目前，其自主研发的产品——术锐EZ Port®腔镜手术机器人系统的样机已研制完成，预计今年进入临床研究程序。
2月26,黑莓公司耗资14亿美元收购AI安全技术公司Cylance，确保物联网数据安全   ,2 月 26 日消息，黑莓公司宣布已完成对 AI 安全技术公司 Cylance 的收购，耗资 14 亿美元。Cylance公司总部位于美国加州，利用机器学习来预防安全入侵活动。Cylance利用复杂的AI和机器学习算法来预测，检测和预防已知和未知的威胁 这些技术将增强BlackBerry的QNX和Spark平台在车联网以及各种物联网设备的表现。它的应用程序可以预防恶意程序入侵，而不是在恶意程序入侵再作出反应。黑莓表示，Cylance 将作为公司内的独立业务部门运营，协助其 QNX 部门扩大业务。
2月26,京东数字科技副总裁李尚荣：资管科技是进入深水区的金融科技,2月26日，京东数字科技正式推出 「JT²智管有方」，这是国内首个一站式、全方位、智能化的资管科技系统，为机构投资者提供产品设计能力、销售交易能力、资产管理能力和风险评估能力等四大能力。京东数字科技副总裁李尚荣出席了当日的发布会，并发表演讲。李尚荣表示，「JT²智管有方」的推出，是京东数字科技金融科技战略的又一次重要落地。资管科技是进入深水区的金融科技，意味着金融科技服务拓展到了更深更广的领域。李尚荣称，京东数字科技之所以做资管科技，就是希望和资管机构一道，借助技术和数字化的手段，提升资管的研发和风控效率和能力。而之所以我们能做资管科技，是因为我们在过往业务中积累的数字化洞察能力。
2月26,MWC 2019:Oral-B推出一款人工智能牙刷    ,在本届移动世界大会（MWC 2019）上，生活护理品牌 Oral-B 推出一款人工智能牙刷 —— GENIUS X 。该 AI 牙刷能够监测用户口腔健康状况，并在后续提供医疗保健报告。据悉，GENIUS X 配备的 AI，已经过数万次的刷牙行为训练，能够识别个人都有的刷牙风格。通过追踪当前的刷牙位置，AI 能够分析被忽略的区域，然后与最佳实践进行对比，提供指导和改进意见。Oral-B 为 GENIUS X 提供了配套的应用程序，可引导用户完成刷牙的每个阶段。GENIUS X 智能牙刷将于 2019 年晚些时候上市，不过官方尚未公布产品售价。
2月26,腔镜手术机器人研发公司「北京术锐」完成数千万元A轮融资    ,2月26日消息，腔镜手术机器人研发公司北京术锐技术有限公司宣布完成数千万元A轮融资，由顺为资本领投，汇鼎基石跟投，老股东天峰医疗继续支持。本轮资金将主要用于扩充研发团队、开展临床研究、拓展手术机器人适应症范围、并完善机器人制造体系、扩大样机生产。北京术锐成立于2014年，是一家致力于独立自主研发、生产和销售微创外科手术机器人系统的高新技术企业，总部位于北京，在上海设有研发中心。目前，其自主研发的产品——术锐EZ Port®腔镜手术机器人系统的样机已研制完成，预计今年进入临床研究程序。
2月26,工业机器人激光视觉解决方案商「英莱科技」获2000万元A轮融资    ,2 月 26 日消息，工业机器人激光视觉解决方案商「英莱科技」获 2000 万元 B 轮融资，投资方为国投京津冀科技成果转化创投基金，本轮融资将主要用于团队建设、产品研发和推广。此前，英莱科技曾获北京诺宝通达资本运营中心 A 轮战略投资。据悉，英莱科技是一家激光视觉焊接系统解决方案商，自研激光传感器硬件和软件算法，与工业焊接机器人配套，帮助客户提高工业焊接效率和质量。
2月26,科大讯飞：合资设立广州华南脑控智能科技公司    ,2月26日，科大讯飞发布公告称，其全资子公司安徽讯飞云创科技有限公司与胡郁、李远清、广州华南理工大学资产经营有限公司签订《关于成立广州华南脑控智能科技有限公司合作意向协议书》，共同投资设立广州华南脑控智能科技有限公司（暂定名），探索脑机协同在医疗、教育领域的创新应用和产业化落地。
2月26,Linker Networks 推出基于 Microsoft Azure 的自动驾驶自动标签服务   ,Linker Networks 今天宣布推出为自动驾驶行业提供持续学习的世界级人工智能自动贴标服务。Linker 的自动标记技术与 Microsoft Azure 云服务集成，为自动驾驶，制造，公共安全和医学成像等垂直整合行业中的机器学习预处理数据集提供了无缝，可扩展的解决方案。该服务将于 2019 年 6 月正式全面推出。
2月26,2019引领医疗健康的AI初创公司，都在这里了,近日，全球知名创投研究机构CB Insights连续第三年发布了AI 100榜单。AI 100从3000家AI公司中评选出了100个最有发展前景的人工智能初创企业。其中，医疗健康行业共有12家企业上榜。
2月26,商汤携手苏宁合作AI：给智慧零售大脑安上眼睛,"从参与第一家无人店「苏宁体育Biu」项目开始，苏宁与商汤就已展开紧密合作。苏宁拥有极佳的线上线下场景入口，商汤科技拥有业内领先的原创AI技术优势。 
双方合作，可以解决后端「货」及前端「人」（消费者）、「场」（到店场景） 的数字化，从店铺管理到顾客洞察，打通数据壁垒、重新定义业务逻辑。"
2月26,京东徐雷：京东零售子集团将向全零售形态转变,京东零售子集团CEO徐雷今日在京东零售子集团3C电子及消费品零售事业群消费品事业部合作伙伴大会上表示，面对新的环境，京东商城在升级为京东零售子集团后，商业模式上将迎来巨大变化，即从开放式货架向全零售形态转变。他解释称，全零售形态则意味着消费者可以在任何一个场景下形成交易——电商平台、社交媒体、线下店、社区中心、智能硬件等
2月26,京东智能奶茶馆深圳湾门店门窗紧锁 已停业,近日，作为电商行业的中坚力量的京东动作频频，外界未免担忧互联网行业集体过冬。继京东发声要在2019年末位淘汰10%高管之后，京东智能奶茶店也于日前宣布停业，随后京东就此事正式作出回应。
2月27,李开复旗下创新奇智成立新公司,启信宝数据显示，2月26日，李开复担任董事长的深圳创新奇智科技有限公司新增对外投资，成立创新奇智（成都）科技有限公司，法定代表人为徐辉，注册资本1000万人民币。启信宝显示，2019年1月24日，深圳创新奇智科技有限公司刚刚获得4亿人民币的A轮融资。深圳创新奇智科技有限公司为创新工场AI子公司，专注于AI+B2B企业服务。
2月27,西安市三部门联合印发《西安市规范自动驾驶车辆测试指导意见（试行）》,为优化汽车产业创新发展环境，积极支持并有效规范自动驾驶车辆开展相关测试工作，推动自动驾驶技术的发展和产业化应用，西安市三部门联合印发《西安市规范自动驾驶车辆测试指导意见（试行）》，意见指出，测试车辆及相关工作人员应在封闭的测试场地进行审查测试。通过审查测试的车辆及相关工作人员可在划定的开放区域开展自动驾驶车辆道路测试。
2月27,联想总裁杨元庆减持联想智慧医疗股份,启信宝数据显示，2月27日，杨元庆持股北京联想智慧医疗信息技术有限公司的比例从1.89%下降至1.25%。2月12日，北京联想智慧医疗信息技术有限公司发生多项工商变更，其中董事长由贺志强变更为TANSINTIN，注册资本由8966.74万元增至19246.861925万元。
2月27,中国成为全球最大金融科技投资市场,埃森哲最新研究显示，2018年中国成为全球最大的金融科技投资市场。去年，全球金融科技投资总额增长超一倍，达到创纪录的553亿美元，中国市场贡献了超过四成（46%）的投资额，备受投资者的青睐。2018年，中国市场的金融科技投资总额增长了八倍，达到255亿美元，接近于2017年全球金融科技投资总额（267亿美元）。本次研究的数据来源于全球风险金融数据与分析机构CB Insights。
2月27,拳打Adam，脚踢SGD：北大提出全新优化算法AdaBound,"在论文《Adaptive Gradient Methods with Dynamic Bound of Learning Rate》中，研究人员提出了一种新型优化方法 AdaBound，「和 Adam一样快、和 SGD一样好」。据了解，四位作者 Liangchen Luo、Yuanhao Xiong、Yan Liu、Xu Sun 均来自国内。共同一作骆梁宸和 Yuanhao Xiong 分别来自北京大学和浙江大学，Yan Liu 来自南加州大学，Xu Sun 来自北京大学。而且一作骆梁宸是北京大学的本科生。作者在 reddit 网站发帖介绍了这项研究，并提供了 PyTorch 实现。他们目前在 MNIST 和 CIFAR-10 数据集做了测试，但由于计算资源有限而无法选择 ImageNet 等大数据集。此外，作者还表示 AdaBound 可以直接通过 pip 安装，不过使用 AdaBound 不意味着不用调参，只不过 AdaBound 可以帮助大家减少所需要的时间。
"
2月27,最高法院「五五改革纲要」出台，坚持强化人工智能等先进技术驱动成为纲要基本原则之一,为深入贯彻习近平总书记全面依法治国新理念新思想新战略，进一步深化新时代人民法院各项改革，最高人民法院制定了《关于深化人民法院司法体制综合配套改革的意见》，并将之作为《人民法院第五个五年改革纲要（2019—2023）》贯彻实施。《纲要》多处提及人工智能等先进技术，并强调充分运用大数据、云计算、人工智能等现代科技手段破解改革难题、提升司法效能，推动人民法院司法改革与智能化、信息化建设两翼发力，为促进审判体系和审判能力现代化提供有力科技支撑。
2月27,首款米家智能灯泡海外发售，将支持HomeKit,2月27日早间消息，在巴塞罗那近日举行的小米展前发布会上，小米面向海外市场发布了智能家居产品米家LED智能灯泡。据悉，米家LED智能灯泡由小米同小米生态链公司Yeelight共同研发，在欧洲市场售价为19.99欧元。这款产品主打智能调光、远程控制、语音交互等特色，可以自动调节色温和亮度，亮度可达800流明，寿命可达11年。除了支持小米自家的米家APP智能家居平台外，这款智能灯泡目前还支持Google Assistant、Amazon Alexa等主流IoT平台，并将于近期加入对Apple HomeKit的支持。值得注意的是，这也将成为小米首款支持Apple HomeKit的智能灯泡。
2月27,小米宣布新一轮组织架构调整：任命崔宝秋为集团副总裁，原AI与云平台部一分为三,"小米集团组织部于2月26日下发正式文件，宣布了最新一轮组织架构调整：任命崔宝秋为集团副总裁、集团技术委员会主席，并且在核心管理岗位上共任命了14名总经理、副总经理，原人工智能与云平台部拆分为人工智能部、大数据部与云平台部三个部门。这是继去年9月成立集团组织部、参谋部以来，小米规模最大的一次组织架构调整。
"
2月27,科大讯飞业绩快报：2018年度净利润同比增长21.62%,科大讯飞发布业绩快报：2018年度该公司营收80.67亿元，同比增48.16%；归属公司股东的净利润为5.29亿元，同比增长21.62%。科大讯飞在报告中表示，报告期内，讯飞开放平台合作伙伴达92万，同比增长77.60%，以科大讯飞为中心的人工智能生态持续构建。（36氪）
2月27,谷歌推广AI语法检查功能：将提供给所有G Suite用户,据The Verge报道，谷歌今天宣布将在Google Docs中面向所有G Suite用户默认提供人工智能语法检查器。普通的拼写检查功能会将疑似错误高亮显示，而语法检查器则会使用蓝色曲线来标记可能的错误。谷歌去年7月宣布了这项功能，但当时需要由系统管理员手动开启该功能，所以并没有默认开启。不过这些功能目前仅限于企业用户。（新浪科技）
2月27,沃尔玛收购初创公司Aspectiva，或将通过分析UGC内容做商品推荐,2月27日消息，沃尔玛宣布收购了以色列初创公司Aspectiva，该公司通过人工智能技术分析社交平台的UGC内容（如客户的产品评论），并将其与购物者的浏览行为结合起来，为在线和实体店的购物者提供产品建议。这表明沃尔玛正在努力打造自己的电子商务体验，以便更好地与亚马逊平台竞争。（TechWeb）
2月27, 新研究探讨词嵌入中的幽默,人工智能领域的进步使得能够开发能够理解各种语言并与人类交流的工具。然而，人工智能系统仍然在人类交流的方方面面中有所挑战，其中之一就是幽默。来自牛津大学，微软研究院和TRASH的一组研究人员最近开展了一项调查词汇嵌入中幽默的研究。 Word嵌入是一种流行的AI工具，可以将单词与Euclidean向量相关联。（techexplore）
2月27,日本造出世界首个机器人佛教神 ,"近日，日本京都高台寺用高达 909,090 美元成本造出机器人版的 Kannon，也就是日本的怜悯之神。这座寺庙也是世界上第一个将精神和科学领域融合在一起构建这座神殿的机器人神灵，并且计划让该机器人能够进行佛教布道。（mashable）"
2月27,新加坡全球数据创新中心Dentsu Aegis Network推出人工智能撰稿人,近日，总部位于新加坡的全球数据创新中心Dentsu Aegis Network，创建了一个名为「项目 leo」的人工智能撰稿人。该机构的发言人表示：「该解决方案目前能够通过开发大量广告并利用谷歌的机器学习以及消费者意图匹配功能来生成谷歌搜索广告。「当为酒店客户执行时，点击率提高了 3％到 10％，每次点击费用降低了 30％到 42％。」该工具目前是该网络首个全球研发中心开发的一套解决方案之一。（mumbrella）
2月27,微软首席执行官为军队增强现实合同辩护,科技工作者对雇主与美国政府，特别是军方的工作越来越不安。一些抗议活动导致了真正的变化：在 4000 名员工签署请愿抗议该安排后，谷歌去年决定不再与五角大楼续签合同。上周，一群微软员工发表请愿书，要求高管们终止一份为美国军方开发增强现实技术的合同。「我们没有注册开发武器，我们要求对我们的工作使用方式发表意见，」该请愿书在 Twitter 上发布说。周一，微软首席执行官萨蒂亚纳德拉拒绝了这一请求。纳德拉在巴塞罗那举行的移动世界大会上对 CNN Business 表示：「我们做出了一项有原则的决定，即我们不会从我们在民主国家选出的机构中扣留技术来保护我们所享有的自由。」（Wired）
2月27,飞利浦、微软强强联合，通过新型VR技术打造未来手术室,在MWC 2019展会上，健康科技公司皇家飞利浦于2月26日推出一款与微软公司共同开发的未来手术室混合现实应用工具。基于飞利浦业界领先的Azurion图像引导治疗平台和微软HoloLens 2混合现实头戴式显示器（也称VR眼镜、VR头盔），两家公司将展示用于图像引导微创治疗的新型增强现实应用工具。
2月27,谷歌：利用AI预测风电站发电量，提高20%风能发电价值,据外媒报道，谷歌宣布，利用伦敦子公司 DeepMind 的机器学习算法来预测谷歌用于绿色能源计划的风力农场发电量，该公司现在可以更合理地安排能源输出时间。根据谷歌的说法，该软件已将这些农场提供的风能的「价值」提高了 20%。谷歌尚未对此置评。（腾讯科技）
2月27,成都印发5G产业发展规划纲要:2022年将建5G基站4万个以上,成都市5G产业发展领导小组办公室日前印发《成都市5G产业发展规划纲要》，提出到2022年，要将该市建设成为5G网络供给全国领先、行业应用深度融合、核心生态高度汇聚、产业聚集效应凸显的中国5G创新名城。该文件提出：到2020年，实现城区重点区域5G网络连续覆盖；到2022年，建设5G基站4万个以上，实现重点城镇以上5G网络全覆盖。（四川日报）
2月27,地平线宣布获6亿美元B轮融资，估值达30亿美元,"2月27日消息，AI芯片公司地平线宣布获得6亿美金左右的B轮融资，由SK中国、SK Hynix以及数家中国一线汽车集团（与旗下基金）联合领投。本轮融资后，地平线估值达30亿美金。参与本轮融资的其他机构与战略合作伙伴包括：中国泛海控股集团旗下泛海投资、民银资本、中信里昂旗下CSOBOR基金和海松资本等。同时，本轮融资还获得了包括晨兴资本、高瓴资本、云晖资本和线性资本等现有股东加持。
"
2月27,大众或将向福特自动驾驶部门Argo AI投资17亿美元,2月27日消息，据《华尔街日报》援引知情人士报道，大众汽车集团计划向福特汽车旗下的自动驾驶部门Argo AI投资17亿美元。其中，6亿美元作为股权投资，大众和福特将分别占有一半股份，其余11亿美元将作为运营资本用于研发。福特在一份声明中表示，与大众在自动驾驶领域的商谈仍在继续，但拒绝直接证实或否认《华尔街日报》的报道的。
2月27,著名硅谷孵化器Y Combinator：未来几十年全球GDP将因AI每年增长50%,近日，著名硅谷孵化器 Y Combinator 总裁山姆·奥尔特曼（Sam Altman）表示，未来几十年全球 GDP 将因 AI 每年增长 50%。
2月27,英特尔与紫光展锐终止5G modem芯片合作,《日经亚洲评论》网站援引知情人士的消息称，英特尔已结束与中国芯片厂商紫光展锐在5G modem芯片上的合作。英特尔5G战略和项目办公室总经理罗伯特·托波尔在MWC上表示：“终止与紫光展锐合作的决定只是最近做出的。我们共同决定不再继续这种合作关系。”知情人士称，双方此次结束合作关系有多方面原因。除了外部因素，英特尔内部因素也有一定的关系。（新浪科技）
2月27,Google 将 Doc 中人工智能语法检查程序扩展到所有 G Suite 用户,谷歌今天宣布其人工智能驱动的语法检查器现在将成为谷歌文档中的一个原生功能，适用于 G Suite 的所有用户，这是其公司的网络工具和服务套件。谷歌去年 7 月宣布的语法检查程序由机器翻译提供支持，机器翻译是人工智能工具的一个子集，它支持软件的自然语言处理能力以及将文本从一种语言翻译成另一种语言的能力。（The Verge）
2月27,谷歌人工智能智能基金 700 万美金投资越南「英语流利说」,谷歌的 Gradient Ventures 是搜索巨头专用的人工智能基金，在为 Elsa（一家为英语学习者运营应用程序的初创公司）带来 700 万美元的 A 轮融资后，正在将目光投向亚洲。这笔交易是 Gradient 在亚洲的首次交易，其中包括现有投资者 Monk's Hill Ventures 和 SOSV 的参与。艾尔莎迄今已筹集了 1200 万美元。Elsa 成立于 2015 年，旨在帮助非英语人士提高口音和一般口语能力。Vu Van，首席执行官和创始团队的一半，是一名越南国民，尽管英语流利，但在移居美国学习和工作后仍难以理解。与语音识别研究员 Xavier Anguera 博士（负责其葡萄牙技术团队的创业公司首席技术官）一起，Van 创立了 Elsa 帮助处于同样困境的人们。
2月27,Reddit 热帖：优化器 AdaBound 兼备 Adam 和 SGD 特性 ,最近一个新研发的优化器在Reddit上引起热议。博主称，他们开发了一种名为 AdaBound 的新优化器，希望能够在无法看到的数据上实现更快的训练速度和更好的性能。其论文—具有动态学习率的自适应梯度方法—已被 ICLR 2019 接受以下是网站：https：//www.luolc.com/publications/adabound/GitHub：https：//github.com/Luolc/AdaBound公开评论：https：//openreview.net/forum？id = Bkg3g2R9FX以下是论文摘要：已经提出了诸如 AdaGrad，RMSprop 和 Adam 之类的自适应优化方法来实现快速训练过程，其具有关于学习速率的元素缩放项。尽管普遍存在，但与 SGD 相比，它们的概括性较差，甚至由于不稳定和极端的学习率而未能收敛。最近的工作提出了一些算法，如 AMSGrad，以解决这个问题，但他们未能取得相对于现有方法的显着改进。在我们的论文中，我们证明极端学习率会导致表现不佳。我们提供了 Adam 和 AMSGrad 的新变体，分别称为 AdaBound 和 AMSBound，它们利用学习速率的动态界限来实现从自适应方法到 SGD 的渐进和平滑过渡，并给出收敛的理论证明。我们进一步对各种流行的任务和模型进行实验，这在以前的工作中往往是不够的。实验结果表明，新变种可以消除自适应方法与 SGD 之间的泛化差距，同时在训练早期保持较高的学习速度。此外，它们可以对原型进行重大改进，尤其是在复杂的深度网络上。该算法的实现可以在 https://github.com/Luolc/AdaBound 找到。
2月27,日本 AI 创企 Preferred Networks 建立快速原型制作设备Mechano-Workshop,机器之心获悉，日本 AI 创企Preferred Networks在其总部附近建立了快速原型制作设备Mechano-Workshop，以快速制造和测试机器人硬件。由于计算机模拟无法捕捉真实环境的所有细节，因此该公司打算用该设备快速制作硬件原型并确认其在现实世界中的移动方式。 Preferred Networks认为，通过重复快速原型设计和改进的加速循环，软件开发的速度可以应用于其硬件开发。此外，该公司希望通过提供一个软件和硬件工程师可以密切合作并相互学习的地方来加速新的技术创新。
2月27,龙加智科技与SiFive达成合作，共同开发人工智能处理器平台,商用RISC-V处理器核心IP、设计平台和芯片解决方案的领导者SiFive宣布，与人工智能处理器、高性能任务关键型应用软件的创新公司DinoplusAI达成合作。两家公司将共同开发具有超低延迟的高性能处理的关键任务人工智能处理器平台，针对超低延迟应用发挥极致效能，可应用在数据中心、5G/边缘云和自动驾驶汽车等产品中。
2月27,银联在CSF上展出自助刷脸售货机和刷脸收银机,中国（广州）国际自助售货系统与设备博览交易会（CSF）上，银联展出了自助刷脸售货机和刷脸收银机等设备。其中，用来识别人脸的3D摄像模组来自于深圳奥比中光科技有限公司，该公司的3D传感技术，可建立毫米级别的3D人脸模型，并可实现高精度3D安全人脸识别。
2月27,墨迹天气联手南京信息工程大学 瞄准「大物流」领域建立智慧气象研究所,"近日,墨迹天气宣布进军大物流领域,将与南京信息工程大学合作建立墨迹天气智慧气象研究院。据悉,墨迹天气智慧气象研究院旨在打造出能够服务于航空、交通、物流等行业的精细化预报平台、气象产品三维可视化平台等平台产品,同时建立数据SaaS服务平台,提供辐射航空、物流、交通、新能源、水利等行业的商业气象服务。"
2月27,沃尔玛收购初创公司Aspectiva，或将通过分析UGC内容做商品推荐    ,2月27日消息，沃尔玛宣布收购了以色列初创公司Aspectiva，该公司通过人工智能技术分析社交平台的UGC内容（如客户的产品评论），并将其与购物者的浏览行为结合起来，为在线和实体店的购物者提供产品建议。这表明沃尔玛正在努力打造自己的电子商务体验，以便更好地与亚马逊平台竞争。
2月27,潮汐App完成近千万Pre-A轮融资 ，为海内外千万用户提供冥想与睡眠服务,近日，帮助用户专注、放松、冥想与睡眠的身心健康应用潮汐App宣布完成近千万Pre-A轮融资，投资方为熊猫资本。此前，潮汐App的天使轮投资来自于德迅投资。潮汐App创立于2016年，一款基于自然声音、冥想练习等音频内容的身心健康App，将雨天、海浪和森林等大自然声音融入专注、减压、放松和睡眠等日常生活场景，帮助人们在快节奏都市生活中获得健康、平和与快乐的生命体验。潮汐App创始人郎启旭透露，目前相关产品与内容已完成研发，正在进行灰度测试，预计今年 3 月正式上线。
2月27,平安好医生发布首份年报：2018年总收入33.38 亿元，同比增长 78.7%,2月27日，中国领先的一站式医疗健康生态平台平安好医生公布了上市后首份年度财务报告。报告显示，2018 年全年，平安好医生各项业务保持快速发展，实现总收入人民币33.38 亿元，同比增长 78.7%；其中，核心业务——家庭医生服务板块增势强劲，实现营业收入人民币 4.11 亿元，同比增长 69.6%；2018 年 12 月 的月付费用户数（MPU）达 236 万，同比增长 86.2%。 2019 年，平安好医生会继续通过「互联网+人工智能+自有医疗团队」这个核心抓手，为 用户提供高品质、全方位及全周期的医疗健康服务，同时为医院、诊所、药店赋能，并进一 步加大国际化步伐，在全球范围内打造医疗健康新生态。
2月27,MedStack完成240万美元种子轮融资，专注研发医疗应用程序托管平台,2月27日，医疗应用程序托管平台MedStack完成了240万美元超额认购种子轮融资。本轮融资由TELUS Ventures领投。MedStack于2015年在加拿大多伦多成立，是一家医疗应用程序托管平台。MedStack的使命是在医疗保健领域进行更多的数字化创新，使云技术能够以更智能、更及时的决策和更好的体验提供随时随地的护理服务。MedStack基于经过验证的高安全标准，可灵活应用于各种应用程序、数据库和部署堆栈，是现阶段医疗保健行业中最安全、灵活的应用承载平台。MedStac利用人工智能、区块链和VR / AR技术，可广泛应用于慢性疾病管理、医疗流程、监控和计费。
2月27,潮汐App完成近千万Pre-A轮融资 ，为海内外千万用户提供冥想与睡眠服务,近日，帮助用户专注、放松、冥想与睡眠的身心健康应用潮汐App宣布完成近千万Pre-A轮融资，投资方为熊猫资本。此前，潮汐App的天使轮投资来自于德迅投资。潮汐App创立于2016年，一款基于自然声音、冥想练习等音频内容的身心健康App，将雨天、海浪和森林等大自然声音融入专注、减压、放松和睡眠等日常生活场景，帮助人们在快节奏都市生活中获得健康、平和与快乐的生命体验。潮汐App创始人郎启旭透露，目前相关产品与内容已完成研发，正在进行灰度测试，预计今年 3 月正式上线。
2月27,2019年安徽芜湖机器人工业互联网企业家交流会成功召开,2月22日下午，由安徽省芜湖市经济和信息化局和芜湖滨江智能装备产业发展有限公司共同主办的「易企网」+ 技术沙龙——2019年芜湖机器人工业互联网企业家交流会在皖江财富广场B4座钻石会议厅举行。来自部分县（区）经信部门，以及全市40余家机器人企业和18家省级制造业互联网融合发展试点企业的负责人参加会议。会上，国信智安、哈特机器人研究院、安徽机电职业技术学院、芜湖电信分别就工业互联网发展情况、芜湖机器人产业工业互联网平台建设、芜湖工业互联网人才培养情况以及5G技术发展动态做了主旨发言和宣传。此次交流会加深了芜湖市机器人企业对工业互联网平台认识和理解。接下来芜湖市将整合资源并推进该市机器人产业工业互联网应用和创新发展。
2月27,SAP推出面向工业物联网的Leonardo IoT,本周在巴塞罗那举行的世界移动通信大会（MWC）上，SAP宣布推出SAP Leonardo Internet of Things（IoT）功能，并扩大了与微软在物联网互操作性方面的合作。SAP将SAP Leonardo IoT称为「为工业物联网和工业4.0促进和推动数字化转型的全方位技术」，产品专注于工业物联网，让客户可以收集来自机器、产品、供应链、消费者和合作伙伴的洞察。SAP称Leonardo IoT为客户提供了三条「创新途径」：首先是将物联网数据与业务流程数据相结合，以实现物联网嵌入式业务应用；其次是升级现有SAP IoT应用；最后一条路径是构建新的智能物联网解决方案。SAP还公布了SAP Leonardo IoT与Microsoft Azure IoT Hub的云与云之间的互操作性，并表示将为客户提供一个连接和设备管理选择。与微软的新合作关系有望让SAP客户可使用Microsoft Azure IoT Hub作为物联网遥测数据的连接和设备管理层，然后将这些数据转发到SAP Leonardo IoT中。此外，Leonardo IoT Edge将让客户可以选择在Microsoft Azure IoT Edge运行之上扩展对本地业务流程的支持。基于SAP Leonardo IoT Edge的基本业务功能（EBF）模块在未来也将运行在Microsoft Azure IoT Edge的容器之中。
2月27,AI通过儿童眼球运动，筛查胎儿酒精谱系障碍,"近日，南加州大学（USC）、皇后大学（Ontario）和杜克大学的科学家团队开发出了一种新工具，可以快速、经济地筛查胎儿酒精谱系障碍（FASD），旨在方便全世界偏远地区的儿童检测疾病。该系统使用相机和计算机视觉来记录儿童观看多个一分钟视频时的眼球运动模式，包括看向/远离目标，并将各个儿童观看相同视频或目标时的眼球运动形成对比模式。其中超出正常范围的眼球运动则被标记为可能有FASD风险的儿童，需要由医疗从业者进行更正式的诊断。这项题为《Detection of Children/Youth With Fetal Alcohol Spectrum Disorder Through Eye Movement, Psychometric, and Neuroimaging Data》的研究，发表在《神经学前沿》（Frontiers in Neurology）杂志上。"
2月27,金融「智变」 中腾信及小花科技自主研发知识图谱并全面应用,金融行业因其与数据的高度相关性，成为人工智能最先应用的行业之一，知识图谱作为人工智能的核心技术，正在加速进入金融领域，并日益成为科技金融的基石。近期，中腾信及旗下小花科技自主研发的知识图谱实现关键性技术重构，并在「小花钱包」全面应用。知识图谱在金融领域一个典型应用是推荐算法，国内领先的就是蚂蚁金服。在其产品线中，无论是好友推荐、内容推荐还是商品推荐都能找到其用武之地，例如大家熟悉的「集五福」、支付宝好友推荐等。国内一些金融科技领先的银行如招商银行，也将知识图谱应用在营销获客领域，通过对已有的客户信息和关系数据进行分析，识别和开拓与现有客户有关联的优质客户，形成高价值客户营销名单和企业画像。
2月27,联想发布AI+IoT产品与服务 | MWC 2019,巴塞罗那时间2月25日，联想在MWC大会发布全新AI+IoT产品与服务，由AI+CMP（连接管理）、AI+UEM（设备管理）、AI+IIoT（工业物联网）和AI+IoV（车联网）四部分组成。金融科技相关的例如AI+UEM：推出ThinkUEM智能设备管理平台，提供跨平台、跨系统、跨行业的设备全生命周期管理服务；针对教育、金融、零售、物流等应用场景，灵活定制行业解决方案；未来将通过AI技术提高移动设备安全性和提供数据分析。
2月27,平安好医生发布首份年报：2018年总收入33.38 亿元，同比增长 78.7%,2月27日，中国领先的一站式医疗健康生态平台平安好医生公布了上市后首份年度财务报告。报告显示，2018 年全年，平安好医生各项业务保持快速发展，实现总收入人民币33.38 亿元，同比增长 78.7%；其中，核心业务——家庭医生服务板块增势强劲，实现营业收入人民币 4.11 亿元，同比增长 69.6%；2018 年 12 月 的月付费用户数（MPU）达 236 万，同比增长 86.2%。 2019 年，平安好医生会继续通过「互联网+人工智能+自有医疗团队」这个核心抓手，为 用户提供高品质、全方位及全周期的医疗健康服务，同时为医院、诊所、药店赋能，并进一 步加大国际化步伐，在全球范围内打造医疗健康新生态。
2月27,深挖数据！罗氏旗下AI医疗公司Flatiron Health拓展与FDA的癌症研究合作,2月25日，Flatiron Health宣布将与美国FDA「信息交换与数据传输项目」（INFORMED Program）的合作延长两年，并且拓展在癌症真实数据研究上的合作。此项Flatiron与FDA的合作始于2016年，根据合作内容，Flatiron为FDA提供脱敏的癌症患者数据，帮助后者优化癌症相关的政策和决策。在已经过去的两年间，FDA和Flatiron使用了美国患者的真实数据（real-world evidence）来探究癌症治疗的趋势及其临床成果。深化合作后，双方可以利用这些数据来促进相关法规政策的完善，比如标准化数据质量评判标准、检验可靠的临床试验终点、探索新的分析方法和创新应用。Flatiron是一家总部位于美国纽约的AI医疗科技公司，专注于探索AI技术在各类肿瘤研究和治疗中的应用。其基于AI技术的信息平台可以让研究者和医务人员在掌握肿瘤治疗全局趋势的同时，关注到患者个体的病情变化。一年前，罗氏花费19亿美元将Flatiron收入麾下，也正是看中了其AI技术在药物研发中的巨大潜力。
2月27,彭博评论 「人工愚蠢」：新的人工智能及金融科技的未来,经过数十年的研究，专注于寻找复杂问题的解决方案并探索多种途径，人工智能终于成熟了。目前，人类拥有的计算机能够在国际象棋游戏中斩获胜利并赢得最高水平的人类选手，无人驾驶技术也正在得以逐步实现，以及驱动我们大部分金融市场活动的自动化交易算法。然而，应用于金融的人工智能的未来仍然在不断发展，但仍有一些未知的领域。在最近的Bloomberg Quant研讨会上，麻省理工学院的Andrew Lo提出了他对经济理论和心理框架的看法，这些经济理论和心理框架是现代金融的基础，展示了智能机器如何增强人类判断的因素有哪些。
2月27,Aidence完成1000万欧元A轮融资，早期肺癌检测AI平台准确率达90％      ,近日，医学影像初创公司Aidence完成1000万欧元A轮融资，推广旗下肺癌检测平台Veye Chest。本轮融资由Inkef Capital、Rabo Ventures领投，Northzone、HenQ和Health Innovations参投。本轮资金将用于继续扩大已有的欧洲市场，升级Veye Chest平台，进入美国医疗保健市场。Aidence是一家总部位于荷兰阿姆斯特丹的医学影像初创公司，致力于通过AI算法在医学成像领域识别早期肺癌。Aidence与英国医疗保健公司SBRI、世界各地的大学、专业的科学家团队展开深度合作，将尖端研究成果应用于医学成像领域。
2月27,Aidence完成1000万欧元A轮融资，早期肺癌检测AI平台准确率达90％      ,近日，医学影像初创公司Aidence完成1000万欧元A轮融资，推广旗下肺癌检测平台Veye Chest。本轮融资由Inkef Capital、Rabo Ventures领投，Northzone、HenQ和Health Innovations参投。本轮资金将用于继续扩大已有的欧洲市场，升级Veye Chest平台，进入美国医疗保健市场。Aidence是一家总部位于荷兰阿姆斯特丹的医学影像初创公司，致力于通过AI算法在医学成像领域识别早期肺癌。Aidence与英国医疗保健公司SBRI、世界各地的大学、专业的科学家团队展开深度合作，将尖端研究成果应用于医学成像领域。
2月27,东方微银完成千万级美金B轮融资 Ventech China领投,近日，Ventech China 宣布完成对东方微银千万级美金的B轮融资，由Ventech China领投，达泰资本跟投。东方微银成立于2015年，是小微企业金融服务践行者。东方微银应用人工智能及开创性的数据算法，专注于小微企业税务数据的解读与金融化应用，以卓越的智能决策系统、多元化的金融产品、基于数据整合、产品设计、模型构建、系统实施及上线运营的全流程服务，通过企业大数据与银行金融服务的有效对接，向银行提供一体化线上信贷风控解决方案及运营服务，解决小微企业融资难贵慢问题。目前，东方微银合作省份已达十多个，累计与近30家银行签订了合作协议，覆盖大型国有银行、股份制银行、城商行、农商行等主流的银行类型，比较有代表性的是重庆银行的「好企税抵贷」、桂林银行的「桂银乐税贷」等。
2月27,墨迹天气联手南京信息工程大学 瞄准「大物流」领域建立智慧气象研究所,"近日,墨迹天气宣布进军大物流领域,将与南京信息工程大学合作建立墨迹天气智慧气象研究院。据悉,墨迹天气智慧气象研究院旨在打造出能够服务于航空、交通、物流等行业的精细化预报平台、气象产品三维可视化平台等平台产品,同时建立数据SaaS服务平台,提供辐射航空、物流、交通、新能源、水利等行业的商业气象服务。"
2月27,三门峡：智慧农田气象物联网示范园投入使用,近日，河南省三门峡市智慧农田气象物联网示范园建成并投入使用，进一步提高当地精细化气象为农服务能力。园内设备可对温湿度、风向风速、气压、雨量、光照度、二氧化碳、总辐射、土壤湿度等要素进行24小时自动监测记录和无线传输，并对作物生长进行实景监控。农业气象专家将通过对气象要素和农田环境的精准监测，为设施农业生产提供更具针对性的气象服务信息，指导农户根据气象条件科学种植。园区内还安装了LED电子显示屏、气象预警大喇叭等设备，实时显示和传播气象灾害预警、农业气象信息、气象科普知识。
2月27,陕西：气象电信合作共推「互联网+」智慧气象,2月26日，陕西省气象局与中国电信陕西公司签署战略合作协议，共同推进「互联网+」智慧气象战略合作。双方将在共推陕西气象信息化建设、助推西安气象大数据应用中心建设、合作开展「互联网+」智慧气象应用和技术交流和人才培养中开展全面合作。在共推陕西气象信息化建设中，中国电信陕西公司将向陕西省气象局提供优质、优惠的解决方案和定制服务，并优化全省气象部门网络结构，升级带宽，助力省气象局建设气象信息高速公路。同时，将凭借云计算、云存储、云加速等方面的资源优势，协助省气象局提升气象信息基础设施能力建设。不仅如此，中国电信陕西公司将在资源池扩充、气象公共云建设、智慧气象APP支撑服务等方面提供技术和资源服务；充分发挥网络信息安全优势，提高气象通信网络和信息系统的安全防护能力，保障气象部门整体网信安全。
2月27,潮汐App完成近千万Pre-A轮融资 ，为海内外千万用户提供冥想与睡眠服务,近日，帮助用户专注、放松、冥想与睡眠的身心健康应用潮汐App宣布完成近千万Pre-A轮融资，投资方为熊猫资本。此前，潮汐App的天使轮投资来自于德迅投资。潮汐App创立于2016年，一款基于自然声音、冥想练习等音频内容的身心健康App，将雨天、海浪和森林等大自然声音融入专注、减压、放松和睡眠等日常生活场景，帮助人们在快节奏都市生活中获得健康、平和与快乐的生命体验。潮汐App创始人郎启旭透露，目前相关产品与内容已完成研发，正在进行灰度测试，预计今年 3 月正式上线。
2月27,平安好医生发布首份年报：2018年总收入33.38 亿元，同比增长 78.7%,2月27日，中国领先的一站式医疗健康生态平台平安好医生公布了上市后首份年度财务报告。报告显示，2018 年全年，平安好医生各项业务保持快速发展，实现总收入人民币33.38 亿元，同比增长 78.7%；其中，核心业务——家庭医生服务板块增势强劲，实现营业收入人民币 4.11 亿元，同比增长 69.6%；2018 年 12 月 的月付费用户数（MPU）达 236 万，同比增长 86.2%。 2019 年，平安好医生会继续通过「互联网+人工智能+自有医疗团队」这个核心抓手，为 用户提供高品质、全方位及全周期的医疗健康服务，同时为医院、诊所、药店赋能，并进一 步加大国际化步伐，在全球范围内打造医疗健康新生态。
2月27,2019年安徽芜湖机器人工业互联网企业家交流会成功召开,2月22日下午，由安徽省芜湖市经济和信息化局和芜湖滨江智能装备产业发展有限公司共同主办的「易企网」+ 技术沙龙——2019年芜湖机器人工业互联网企业家交流会在皖江财富广场B4座钻石会议厅举行。来自部分县（区）经信部门，以及全市40余家机器人企业和18家省级制造业互联网融合发展试点企业的负责人参加会议。会上，国信智安、哈特机器人研究院、安徽机电职业技术学院、芜湖电信分别就工业互联网发展情况、芜湖机器人产业工业互联网平台建设、芜湖工业互联网人才培养情况以及5G技术发展动态做了主旨发言和宣传。此次交流会加深了芜湖市机器人企业对工业互联网平台认识和理解。接下来芜湖市将整合资源并推进该市机器人产业工业互联网应用和创新发展。
2月27,银联在CSF上展出自助刷脸售货机和刷脸收银机,中国（广州）国际自助售货系统与设备博览交易会（CSF）上，银联展出了自助刷脸售货机和刷脸收银机等设备。其中，用来识别人脸的3D摄像模组来自于深圳奥比中光科技有限公司，该公司的3D传感技术，可建立毫米级别的3D人脸模型，并可实现高精度3D安全人脸识别。
